name,value,field,year
Hong Kong,,obesity,
Afghanistan,2.9 [1.6-4.2],obesity,2014
Albania,17.6 [12.7-22.2],obesity,2014
Algeria,24.8 [19.7-29.8],obesity,2014
Andorra,29.5 [23.8-35.1],obesity,2014
Angola,10.2 [6-14.3],obesity,2014
Antigua and Barbuda,30.9 [24-38],obesity,2014
Argentina,26.3 [21.3-31.4],obesity,2014
Armenia,19.5 [14.7-24.4],obesity,2014
Australia,28.6 [24-32.9],obesity,2014
Austria,18.4 [13.7-23],obesity,2014
Azerbaijan,22.5 [17.4-28.1],obesity,2014
Bahamas,36.2 [29.9-42.4],obesity,2014
Bahrain,35.1 [29.9-40.7],obesity,2014
Bangladesh,3.6 [2.2-5],obesity,2014
Barbados,31.3 [25-37.9],obesity,2014
Belarus,23.4 [17.4-29.5],obesity,2014
Belgium,20.2 [15.3-24.4],obesity,2014
Belize,22.5 [17.4-27.8],obesity,2014
Benin,9.3 [6.7-11.8],obesity,2014
Bhutan,6.7 [4.4-9.1],obesity,2014
Bolivia,17.1 [12.5-21.6],obesity,2014
Bosnia and Herzegovina,17.9 [12.6-22.6],obesity,2014
Botswana,22.4 [17.3-27.5],obesity,2014
Brazil,20 [15.8-24],obesity,2014
Brunei Darussalam,18.1 [13-23.5],obesity,2014
Bulgaria,23.2 [17.6-28.5],obesity,2014
Burkina Faso,6.3 [4.2-8.1],obesity,2014
Burundi,2.6 [1.3-3.9],obesity,2014
Cote d'Ivoire,9.2 [6.6-11.7],obesity,2014
Cabo Verde,13 [9.7-16.4],obesity,2014
Cambodia,3.2 [1.8-4.5],obesity,2014
Cameroon,11.4 [8.5-14.4],obesity,2014
Canada,28 [23.9-32.6],obesity,2014
Central African Republic,5.1 [3.1-7.3],obesity,2014
Chad,8.1 [5.4-10.8],obesity,2014
Chile,27.8 [22.8-32.7],obesity,2014
China,6.9 [4.5-9.2],obesity,2014
Colombia,21 [16.7-24.8],obesity,2014
Comoros,6.6 [4.3-8.8],obesity,2014
Congo,11 [7.5-14.5],obesity,2014
Cook Islands,50.8 [45.2-56.3],obesity,2014
Costa Rica,24.3 [19.9-28.4],obesity,2014
Croatia,23.3 [18-29.2],obesity,2014
Cuba,25.2 [19.4-30.3],obesity,2014
Cyprus,23.8 [18.3-28.7],obesity,2014
Czech Republic,26.8 [21.3-32.2],obesity,2014
North Korea,2.4 [0.8-4.1],obesity,2014
Congo,4.4 [2.3-6.2],obesity,2014
Denmark,19.3 [15.1-23.5],obesity,2014
Djibouti,9.6 [5.9-12.8],obesity,2014
Dominica,25.8 [20.5-31.1],obesity,2014
Dominican Republic,23.9 [18.6-29.2],obesity,2014
Ecuador,18.7 [13.8-23.1],obesity,2014
Egypt,28.9 [24.3-33.6],obesity,2014
El Salvador,21.8 [17.4-26.5],obesity,2014
Equatorial Guinea,17.5 [10.9-24],obesity,2014
Eritrea,4.1 [2.5-5.8],obesity,2014
Estonia,22.6 [16.9-28.2],obesity,2014
Ethiopia,4 [2.6-5.5],obesity,2014
Fiji,36.4 [31.2-41.8],obesity,2014
Finland,20.6 [16.7-24.3],obesity,2014
France,23.9 [18.9-29.1],obesity,2014
Gabon,17.6 [12.8-22.8],obesity,2014
Gambia,10.9 [7.7-14],obesity,2014
Georgia,20.8 [16.2-26],obesity,2014
Germany,20.1 [15.9-23.9],obesity,2014
Ghana,12.2 [9-15.4],obesity,2014
Greece,22.9 [17.8-27.7],obesity,2014
Grenada,26.2 [20.8-32],obesity,2014
Guatemala,18.6 [14-22.9],obesity,2014
Guinea,6.8 [4.9-8.7],obesity,2014
Guinea-Bissau,7.2 [4.9-9.5],obesity,2014
Guyana,22.9 [17.7-28.3],obesity,2014
Haiti,11.9 [8.3-15.8],obesity,2014
Honduras,18.2 [14.1-22.2],obesity,2014
Hungary,24 [18.4-29.5],obesity,2014
Iceland,22.8 [17.7-27.9],obesity,2014
India,4.9 [3.4-6.4],obesity,2014
Indonesia,5.7 [3.5-7.9],obesity,2014
Iran (Islamic Republic of),26.1 [22-30.5],obesity,2014
Iraq,23.8 [18.9-28.9],obesity,2014
Ireland,25.6 [21.2-30.2],obesity,2014
Israel,25.3 [20.1-30.3],obesity,2014
Italy,21 [17-24.9],obesity,2014
Jamaica,27.2 [21.9-32.7],obesity,2014
Japan,3.3 [2.1-4.4],obesity,2014
Jordan,30.5 [25.5-35.7],obesity,2014
Kazakhstan,23.4 [18-28.9],obesity,2014
Kenya,7 [4.6-9.2],obesity,2014
Kiribati,40.6 [34.8-46.8],obesity,2014
Kuwait,39.7 [33.8-45.3],obesity,2014
Kyrgyzstan,14.4 [10.4-18.5],obesity,2014
Laos,3.5 [2.1-4.9],obesity,2014
Latvia,23.7 [17.6-29.3],obesity,2014
Lebanon,31.9 [27.2-37.4],obesity,2014
Lesotho,14.2 [10.5-18.1],obesity,2014
Liberia,6.6 [4.4-8.9],obesity,2014
Libya,33.1 [28.1-38.1],obesity,2014
Lithuania,25.9 [19.8-32.2],obesity,2014
Luxembourg,23.1 [18.4-27.9],obesity,2014
Madagascar,5.4 [3.4-7.6],obesity,2014
Malawi,5.3 [3.5-7],obesity,2014
Malaysia,13.3 [9.6-16.8],obesity,2014
Maldives,7.9 [5-11.1],obesity,2014
Mali,6.8 [4.5-9],obesity,2014
Malta,26.6 [21.4-32],obesity,2014
Marshall Islands,42.8 [37.3-48.5],obesity,2014
Mauritania,9.7 [6.5-12.8],obesity,2014
Mauritius,17.9 [12.9-22.5],obesity,2014
Mexico,28.1 [23.4-32.5],obesity,2014
Micronesia (Federated States of),37.2 [31.9-42.5],obesity,2014
Monaco,No data,obesity,2014
Mongolia,16.7 [12.2-21.1],obesity,2014
Montenegro,20 [14.7-24.9],obesity,2014
Morocco,22.3 [17.5-26.9],obesity,2014
Mozambique,5.3 [3.5-7.1],obesity,2014
Myanmar,2.9 [1.5-4.1],obesity,2014
Namibia,18.9 [14.4-23.5],obesity,2014
Nauru,45.6 [38.6-52.8],obesity,2014
Nepal,3.3 [1.9-4.6],obesity,2014
Netherlands,19.8 [15.7-24.1],obesity,2014
New Zealand,29.2 [25.2-33.1],obesity,2014
Nicaragua,17.1 [12.6-21.4],obesity,2014
Niger,4.3 [2.8-5.9],obesity,2014
Nigeria,11 [8.2-13.9],obesity,2014
Niue,43.2 [37.8-48.8],obesity,2014
Norway,23.1 [18.6-27.7],obesity,2014
Oman,30.9 [25.5-36.4],obesity,2014
Pakistan,5.4 [3.6-7.3],obesity,2014
Palau,47.6 [42.4-53.5],obesity,2014
Panama,26.8 [21.5-31.7],obesity,2014
Papua New Guinea,27.9 [22.5-34],obesity,2014
Paraguay,16.3 [11.8-20.4],obesity,2014
Peru,21.1 [16.8-25.8],obesity,2014
Philippines,5.1 [3.2-7.2],obesity,2014
Poland,25.2 [19.9-30.5],obesity,2014
Portugal,20.1 [14.8-25.3],obesity,2014
Qatar,42.3 [35.9-48.4],obesity,2014
South Korea,5.8 [3.7-8],obesity,2014
Republic of Moldova,14.9 [10.2-20],obesity,2014
Romania,21.7 [16.1-27.4],obesity,2014
Russia,24.1 [18.9-29.3],obesity,2014
Rwanda,4 [2.3-5.7],obesity,2014
Saint Kitts and Nevis,28.3 [22.5-34.5],obesity,2014
Saint Lucia,26.9 [21.4-33],obesity,2014
Saint Vincent and the Grenadines,24.3 [18.7-29.3],obesity,2014
Samoa,43.4 [37.4-49.1],obesity,2014
San Marino,No data,obesity,2014
Sao Tome and Principe,12.3 [8.8-15.5],obesity,2014
Saudi Arabia,34.7 [29.6-40.1],obesity,2014
Senegal,9.8 [6.9-12.5],obesity,2014
Serbia,19.5 [14.6-23.8],obesity,2014
Seychelles,26.3 [20.5-31.7],obesity,2014
Sierra Leone,7.6 [5.5-9.8],obesity,2014
Singapore,6.2 [4.3-8.2],obesity,2014
Slovakia,25.7 [20-31.3],obesity,2014
Slovenia,25.1 [19.3-31],obesity,2014
Solomon Islands,27.7 [22.4-33.1],obesity,2014
Somalia,4.6 [2.6-6.6],obesity,2014
South Africa,26.8 [22.8-31.3],obesity,2014
South Sudan,7.5 [4.9-10.2],obesity,2014
Spain,23.7 [19.5-28.1],obesity,2014
Sri Lanka,6.5 [3.9-9.1],obesity,2014
Sudan,7.5 [4.9-10.2],obesity,2014
Suriname,26.1 [20.7-31.9],obesity,2014
Swaziland,17.7 [13.5-22.2],obesity,2014
Sweden,20.5 [16.3-25.2],obesity,2014
Switzerland,19.4 [15.6-23.5],obesity,2014
Syrian Arab Republic,23.5 [18.7-28.3],obesity,2014
Tajikistan,13.6 [9.5-17.7],obesity,2014
Thailand,8.5 [5.8-11.3],obesity,2014
The former Yugoslav republic of Macedonia,19.6 [14.7-24.7],obesity,2014
Timor-Leste,2.2 [1.1-3.3],obesity,2014
Togo,7.5 [5.1-10],obesity,2014
Tonga,43.3 [37.1-49.2],obesity,2014
Trinidad and Tobago,31.1 [23.6-38.6],obesity,2014
Tunisia,27.1 [22.6-31.7],obesity,2014
Turkey,29.5 [25.2-33.8],obesity,2014
Turkmenistan,20.1 [15.5-24.9],obesity,2014
Tuvalu,40.3 [34.2-46.7],obesity,2014
Uganda,4.9 [3-6.9],obesity,2014
Ukraine,20.1 [14.2-25],obesity,2014
United Arab Emirates,37.2 [30.9-43.4],obesity,2014
United Kingdom,28.1 [24.5-31.8],obesity,2014
Tanzania,7.1 [5.1-9.1],obesity,2014
United States,33.7 [29.6-37.7],obesity,2014
Uruguay,26.7 [20.8-32.1],obesity,2014
Uzbekistan,15.5 [10.7-19.6],obesity,2014
Vanuatu,35.4 [29.7-40.8],obesity,2014
Venezuela,24.8 [20.3-30],obesity,2014
Vietnam,3.6 [1.9-5.4],obesity,2014
Yemen,17.2 [11.9-22],obesity,2014
Zambia,8.9 [6-11.6],obesity,2014
Zimbabwe,10.5 [6.7-14.2],obesity,2014
Afghanistan,8.4 [5.5-12.1],high_glucose,2014
Albania,8.3 [5.3-12.2],high_glucose,2014
Algeria,10.5 [7.4-14.5],high_glucose,2014
Andorra,9.1 [6.0-13.0],high_glucose,2014
Angola,5.6 [3.1-9.6],high_glucose,2014
Antigua and Barbuda,11.8 [7.2-17.9],high_glucose,2014
Argentina,10.2 [6.7-14.5],high_glucose,2014
Armenia,12.3 [8.1-17.2],high_glucose,2014
Australia,7.3 [5.1-9.9],high_glucose,2014
Austria,6.0 [3.9-8.6],high_glucose,2014
Azerbaijan,11.6 [7.5-16.4],high_glucose,2014
Bahamas,12.7 [8.0-18.7],high_glucose,2014
Bahrain,8.5 [5.5-12.3],high_glucose,2014
Bangladesh,8.0 [5.3-11.4],high_glucose,2014
Barbados,14.1 [9.0-20.5],high_glucose,2014
Belarus,9.5 [5.8-14.1],high_glucose,2014
Belgium,6.4 [4.3-9.0],high_glucose,2014
Belize,9.9 [6.2-14.9],high_glucose,2014
Benin,5.1 [3.2-7.7],high_glucose,2014
Bhutan,9.2 [6.3-12.7],high_glucose,2014
Bolivia,6.6 [3.8-10.2],high_glucose,2014
Bosnia and Herzegovina,9.3 [6.1-13.3],high_glucose,2014
Botswana,6.0 [3.8-8.7],high_glucose,2014
Brazil,8.1 [5.2-11.9],high_glucose,2014
Brunei Darussalam,9.0 [5.4-13.4],high_glucose,2014
Bulgaria,10.3 [6.7-14.8],high_glucose,2014
Burkina Faso,4.2 [2.4-6.4],high_glucose,2014
Burundi,2.6 [1.4-4.4],high_glucose,2014
Cote d'Ivoire,5.0 [3.1-7.7],high_glucose,2014
Cabo Verde,6.8 [4.3-10.1],high_glucose,2014
Cambodia,5.9 [3.7-8.7],high_glucose,2014
Cameroon,4.7 [2.9-7.1],high_glucose,2014
Canada,7.2 [4.8-10.2],high_glucose,2014
Central African Republic,5.7 [3.3-9.6],high_glucose,2014
Chad,4.6 [2.7-7.2],high_glucose,2014
Chile,11.4 [7.7-15.9],high_glucose,2014
China,9.4 [6.4-13.3],high_glucose,2014
Colombia,8.0 [5.1-11.8],high_glucose,2014
Comoros,5.9 [3.7-8.6],high_glucose,2014
Congo,5.7 [3.1-9.8],high_glucose,2014
Cook Islands,26.8 [19.2-34.9],high_glucose,2014
Costa Rica,8.5 [5.6-12.4],high_glucose,2014
Croatia,9.9 [6.5-14.4],high_glucose,2014
Cuba,10.2 [6.5-15.3],high_glucose,2014
Cyprus,7.8 [5.0-11.2],high_glucose,2014
Czech Republic,9.6 [6.2-13.9],high_glucose,2014
North Korea,6.2 [3.3-10.1],high_glucose,2014
Congo,4.3 [2.3-7.7],high_glucose,2014
Denmark,6.1 [3.9-8.7],high_glucose,2014
Djibouti,6.2 [3.6-9.6],high_glucose,2014
Dominica,11.4 [7.3-16.8],high_glucose,2014
Dominican Republic,9.3 [5.8-13.9],high_glucose,2014
Ecuador,7.3 [4.2-11.0],high_glucose,2014
Egypt,16.2 [11.8-21.2],high_glucose,2014
El Salvador,8.8 [5.7-12.6],high_glucose,2014
Equatorial Guinea,7.6 [4.3-12.8],high_glucose,2014
Eritrea,3.4 [2.0-5.4],high_glucose,2014
Estonia,9.3 [5.8-14.1],high_glucose,2014
Ethiopia,3.8 [2.2-6.0],high_glucose,2014
Fiji,16.6 [10.9-23.4],high_glucose,2014
Finland,7.7 [5.4-10.7],high_glucose,2014
France,8.0 [5.4-11.2],high_glucose,2014
Gabon,8.1 [4.6-13.4],high_glucose,2014
Gambia,5.8 [3.6-9.0],high_glucose,2014
Georgia,15.0 [10.3-20.5],high_glucose,2014
Germany,7.4 [5.0-10.3],high_glucose,2014
Ghana,4.8 [2.9-7.3],high_glucose,2014
Greece,9.1 [6.0-12.9],high_glucose,2014
Grenada,9.8 [5.9-14.6],high_glucose,2014
Guatemala,7.5 [4.7-11.1],high_glucose,2014
Guinea,4.7 [2.9-7.1],high_glucose,2014
Guinea-Bissau,5.2 [3.2-7.9],high_glucose,2014
Guyana,9.1 [5.5-14.1],high_glucose,2014
Haiti,6.9 [4.1-10.9],high_glucose,2014
Honduras,7.2 [4.5-10.7],high_glucose,2014
Hungary,10.0 [6.6-14.3],high_glucose,2014
Iceland,7.1 [4.4-10.5],high_glucose,2014
India,7.8 [5.2-10.8],high_glucose,2014
Indonesia,7.0 [4.5-10.1],high_glucose,2014
Iran (Islamic Republic of),10.3 [7.6-13.9],high_glucose,2014
Iraq,13.2 [9.3-18.0],high_glucose,2014
Ireland,7.3 [4.8-10.2],high_glucose,2014
Israel,7.2 [4.6-10.5],high_glucose,2014
Italy,8.5 [5.9-11.7],high_glucose,2014
Jamaica,11.9 [7.7-17.5],high_glucose,2014
Japan,10.1 [7.5-13.0],high_glucose,2014
Jordan,13.1 [9.5-17.5],high_glucose,2014
Kazakhstan,11.5 [7.3-16.5],high_glucose,2014
Kenya,4.0 [2.4-6.1],high_glucose,2014
Kiribati,22.0 [15.2-29.8],high_glucose,2014
Kuwait,14.7 [10.4-20.2],high_glucose,2014
Kyrgyzstan,8.6 [5.5-12.3],high_glucose,2014
Laos,5.6 [3.6-8.0],high_glucose,2014
Latvia,9.4 [5.8-14.2],high_glucose,2014
Lebanon,12.6 [8.9-17.0],high_glucose,2014
Lesotho,6.0 [3.7-9.1],high_glucose,2014
Liberia,5.6 [3.6-8.4],high_glucose,2014
Libya,13.7 [9.9-18.2],high_glucose,2014
Lithuania,9.7 [5.9-14.6],high_glucose,2014
Luxembourg,6.8 [4.3-9.8],high_glucose,2014
Madagascar,3.9 [2.3-5.9],high_glucose,2014
Malawi,4.3 [2.7-6.4],high_glucose,2014
Malaysia,9.8 [6.6-13.7],high_glucose,2014
Maldives,8.5 [5.1-13.1],high_glucose,2014
Mali,5.0 [2.9-7.8],high_glucose,2014
Malta,10.1 [6.6-14.2],high_glucose,2014
Marshall Islands,20.7 [14.3-28.2],high_glucose,2014
Mauritania,6.7 [4.0-10.4],high_glucose,2014
Mauritius,14.2 [9.6-19.4],high_glucose,2014
Mexico,10.4 [7.0-14.9],high_glucose,2014
Micronesia (Federated States of),18.0 [12.7-24.3],high_glucose,2014
Monaco,No data,high_glucose,2014
Mongolia,9.6 [6.4-13.6],high_glucose,2014
Montenegro,8.7 [5.5-12.7],high_glucose,2014
Morocco,12.4 [8.7-17.2],high_glucose,2014
Mozambique,4.6 [2.8-6.9],high_glucose,2014
Myanmar,6.6 [4.3-9.4],high_glucose,2014
Namibia,5.4 [3.3-8.3],high_glucose,2014
Nauru,28.9 [20.4-38.2],high_glucose,2014
Nepal,9.1 [6.3-12.6],high_glucose,2014
Netherlands,6.1 [4.2-8.5],high_glucose,2014
New Zealand,8.5 [5.9-11.8],high_glucose,2014
Nicaragua,8.1 [5.1-11.9],high_glucose,2014
Niger,4.1 [2.3-6.6],high_glucose,2014
Nigeria,4.3 [2.6-6.6],high_glucose,2014
Niue,26.4 [19.2-34.1],high_glucose,2014
Norway,6.6 [4.5-9.4],high_glucose,2014
Oman,7.5 [5.1-10.9],high_glucose,2014
Pakistan,9.8 [6.5-13.8],high_glucose,2014
Palau,22.8 [16.2-30.5],high_glucose,2014
Panama,9.0 [6.0-12.8],high_glucose,2014
Papua New Guinea,11.8 [7.0-17.9],high_glucose,2014
Paraguay,6.9 [4.3-10.5],high_glucose,2014
Peru,6.9 [4.1-10.4],high_glucose,2014
Philippines,5.8 [3.9-8.3],high_glucose,2014
Poland,9.5 [6.4-13.3],high_glucose,2014
Portugal,9.2 [6.0-13.1],high_glucose,2014
Qatar,12.8 [8.4-18.5],high_glucose,2014
South Korea,9.5 [6.6-13.0],high_glucose,2014
Republic of Moldova,9.3 [5.7-13.9],high_glucose,2014
Romania,8.4 [5.4-12.2],high_glucose,2014
Russia,9.3 [5.7-14.1],high_glucose,2014
Rwanda,2.8 [1.6-4.6],high_glucose,2014
Saint Kitts and Nevis,14.9 [9.5-21.6],high_glucose,2014
Saint Lucia,14.6 [8.8-21.9],high_glucose,2014
Saint Vincent and the Grenadines,10.3 [6.4-15.4],high_glucose,2014
Samoa,22.8 [15.6-30.5],high_glucose,2014
San Marino,No data,high_glucose,2014
Sao Tome and Principe,5.6 [3.5-8.6],high_glucose,2014
Saudi Arabia,14.4 [10.4-19.5],high_glucose,2014
Senegal,5.1 [3.1-7.7],high_glucose,2014
Serbia,8.6 [5.5-12.5],high_glucose,2014
Seychelles,10.1 [6.6-14.6],high_glucose,2014
Sierra Leone,4.8 [2.9-7.4],high_glucose,2014
Singapore,9.1 [6.4-12.4],high_glucose,2014
Slovakia,8.6 [5.7-12.4],high_glucose,2014
Slovenia,9.5 [6.2-13.9],high_glucose,2014
Solomon Islands,10.8 [6.6-16.3],high_glucose,2014
Somalia,4.8 [2.9-7.6],high_glucose,2014
South Africa,9.8 [6.2-14.4],high_glucose,2014
South Sudan,No data,high_glucose,2014
Spain,9.4 [6.4-13.1],high_glucose,2014
Sri Lanka,7.9 [5.1-11.6],high_glucose,2014
Sudan,6.6 [4.1-9.9],high_glucose,2014
Suriname,11.9 [7.8-17.5],high_glucose,2014
Swaziland,6.6 [4.2-9.7],high_glucose,2014
Sweden,6.9 [4.8-9.6],high_glucose,2014
Switzerland,5.6 [3.7-8.0],high_glucose,2014
Syrian Arab Republic,11.9 [8.5-16.1],high_glucose,2014
Tajikistan,7.6 [4.6-11.4],high_glucose,2014
Thailand,9.6 [6.5-13.4],high_glucose,2014
The former Yugoslav republic of Macedonia,8.4 [5.3-12.3],high_glucose,2014
Timor-Leste,3.9 [2.4-5.8],high_glucose,2014
Togo,4.9 [3.1-7.4],high_glucose,2014
Tonga,21.9 [15.4-29.2],high_glucose,2014
Trinidad and Tobago,12.5 [7.5-19.2],high_glucose,2014
Tunisia,12.2 [8.7-16.4],high_glucose,2014
Turkey,13.2 [10.1-16.9],high_glucose,2014
Turkmenistan,10.2 [6.8-14.3],high_glucose,2014
Tuvalu,23.1 [16.6-30.5],high_glucose,2014
Uganda,2.8 [1.7-4.4],high_glucose,2014
Ukraine,9.1 [5.5-13.8],high_glucose,2014
United Arab Emirates,8.0 [5.2-11.8],high_glucose,2014
United Kingdom,7.7 [5.7-10.0],high_glucose,2014
Tanzania,4.3 [2.7-6.3],high_glucose,2014
United States,9.1 [6.5-12.3],high_glucose,2014
Uruguay,11.1 [7.4-15.7],high_glucose,2014
Uzbekistan,8.7 [5.6-12.6],high_glucose,2014
Vanuatu,13.1 [8.4-19.3],high_glucose,2014
Venezuela,8.8 [5.7-12.5],high_glucose,2014
Vietnam,4.9 [3.1-7.0],high_glucose,2014
Yemen,7.7 [4.9-11.4],high_glucose,2014
Zambia,4.2 [2.6-6.4],high_glucose,2014
Zimbabwe,4.6 [2.8-7.0],high_glucose,2014
Afghanistan,,tobacco,2013
Albania,29.7,tobacco,2013
Algeria,,tobacco,2013
Andorra,33.1,tobacco,2013
Angola,,tobacco,2013
Antigua and Barbuda,,tobacco,2013
Argentina,25.3,tobacco,2013
Armenia,28,tobacco,2013
Australia,16,tobacco,2013
Austria,,tobacco,2013
Azerbaijan,23.5,tobacco,2013
Bahamas,,tobacco,2013
Bahrain,30.3,tobacco,2013
Bangladesh,21.8,tobacco,2013
Barbados,7,tobacco,2013
Belarus,27.9,tobacco,2013
Belgium,23.9,tobacco,2013
Belize,,tobacco,2013
Benin,8.8,tobacco,2013
Bhutan,,tobacco,2013
Bolivia,,tobacco,2013
Bosnia and Herzegovina,39.2,tobacco,2013
Botswana,,tobacco,2013
Brazil,16.1,tobacco,2013
Brunei Darussalam,16.4,tobacco,2013
Bulgaria,36.8,tobacco,2013
Burkina Faso,19.1,tobacco,2013
Burundi,,tobacco,2013
Cote d'Ivoire,,tobacco,2013
Cabo Verde,12.2,tobacco,2013
Cambodia,23,tobacco,2013
Cameroon,18.8,tobacco,2013
Canada,16.2,tobacco,2013
Central African Republic,,tobacco,2013
Chad,,tobacco,2013
Chile,38.9,tobacco,2013
China,25.9,tobacco,2013
Colombia,11.6,tobacco,2013
Comoros,15.3,tobacco,2013
Congo,18.5,tobacco,2013
Cook Islands,,tobacco,2013
Costa Rica,14.2,tobacco,2013
Croatia,36,tobacco,2013
Cuba,36.1,tobacco,2013
Cyprus,,tobacco,2013
Czech Republic,33.4,tobacco,2013
North Korea,,tobacco,2013
Congo,,tobacco,2013
Denmark,18.9,tobacco,2013
Djibouti,,tobacco,2013
Dominica,,tobacco,2013
Dominican Republic,14.5,tobacco,2013
Ecuador,9,tobacco,2013
Egypt,23.8,tobacco,2013
El Salvador,,tobacco,2013
Equatorial Guinea,,tobacco,2013
Eritrea,,tobacco,2013
Estonia,33.2,tobacco,2013
Ethiopia,4.7,tobacco,2013
Fiji,26.5,tobacco,2013
Finland,21.8,tobacco,2013
France,28.1,tobacco,2013
Gabon,,tobacco,2013
Gambia,,tobacco,2013
Georgia,30,tobacco,2013
Germany,30.7,tobacco,2013
Ghana,6.3,tobacco,2013
Greece,43.4,tobacco,2013
Grenada,,tobacco,2013
Guatemala,,tobacco,2013
Guinea,,tobacco,2013
Guinea-Bissau,,tobacco,2013
Guyana,,tobacco,2013
Haiti,11.8,tobacco,2013
Honduras,18.9,tobacco,2013
Hungary,29.6,tobacco,2013
Iceland,17.5,tobacco,2013
India,12.4,tobacco,2013
Indonesia,38.5,tobacco,2013
Iran (Islamic Republic of),11.7,tobacco,2013
Iraq,,tobacco,2013
Ireland,23.2,tobacco,2013
Israel,30.4,tobacco,2013
Italy,24.2,tobacco,2013
Jamaica,17.6,tobacco,2013
Japan,22.8,tobacco,2013
Jordan,38.4,tobacco,2013
Kazakhstan,26.3,tobacco,2013
Kenya,13.6,tobacco,2013
Kiribati,54,tobacco,2013
Kuwait,,tobacco,2013
Kyrgyzstan,26.4,tobacco,2013
Laos,34,tobacco,2013
Latvia,35.9,tobacco,2013
Lebanon,37,tobacco,2013
Lesotho,25.4,tobacco,2013
Liberia,14.2,tobacco,2013
Libya,,tobacco,2013
Lithuania,30.1,tobacco,2013
Luxembourg,24.4,tobacco,2013
Madagascar,,tobacco,2013
Malawi,16.3,tobacco,2013
Malaysia,22.3,tobacco,2013
Maldives,,tobacco,2013
Mali,18.6,tobacco,2013
Malta,25.9,tobacco,2013
Marshall Islands,,tobacco,2013
Mauritania,22.3,tobacco,2013
Mauritius,21.9,tobacco,2013
Mexico,14.5,tobacco,2013
Micronesia (Federated States of),,tobacco,2013
Monaco,,tobacco,2013
Mongolia,26.8,tobacco,2013
Montenegro,,tobacco,2013
Morocco,22,tobacco,2013
Mozambique,18.8,tobacco,2013
Myanmar,20,tobacco,2013
Namibia,23.8,tobacco,2013
Nauru,48.9,tobacco,2013
Nepal,24.6,tobacco,2013
Netherlands,25.7,tobacco,2013
New Zealand,17.6,tobacco,2013
Nicaragua,,tobacco,2013
Niger,8.4,tobacco,2013
Nigeria,8.9,tobacco,2013
Niue,16.6,tobacco,2013
Norway,24.1,tobacco,2013
Oman,13.5,tobacco,2013
Pakistan,22.6,tobacco,2013
Palau,,tobacco,2013
Panama,7.4,tobacco,2013
Papua New Guinea,,tobacco,2013
Paraguay,19.5,tobacco,2013
Peru,,tobacco,2013
Philippines,26.7,tobacco,2013
Poland,29.4,tobacco,2013
Portugal,22.6,tobacco,2013
Qatar,,tobacco,2013
South Korea,27.4,tobacco,2013
Republic of Moldova,23.8,tobacco,2013
Romania,30.5,tobacco,2013
Russia,39.5,tobacco,2013
Rwanda,,tobacco,2013
Saint Kitts and Nevis,,tobacco,2013
Saint Lucia,,tobacco,2013
Saint Vincent and the Grenadines,,tobacco,2013
Samoa,32,tobacco,2013
San Marino,,tobacco,2013
Sao Tome and Principe,,tobacco,2013
Saudi Arabia,17.1,tobacco,2013
Senegal,11.1,tobacco,2013
Serbia,42.1,tobacco,2013
Seychelles,26.7,tobacco,2013
Sierra Leone,34.4,tobacco,2013
Singapore,16.2,tobacco,2013
Slovakia,28.8,tobacco,2013
Slovenia,20.9,tobacco,2013
Solomon Islands,,tobacco,2013
Somalia,,tobacco,2013
South Africa,18.9,tobacco,2013
South Sudan,,tobacco,2013
Spain,30.3,tobacco,2013
Sri Lanka,14.1,tobacco,2013
Sudan,,tobacco,2013
Suriname,,tobacco,2013
Swaziland,10.2,tobacco,2013
Sweden,21.9,tobacco,2013
Switzerland,24.1,tobacco,2013
Syrian Arab Republic,,tobacco,2013
Tajikistan,,tobacco,2013
Thailand,21.5,tobacco,2013
The former Yugoslav republic of Macedonia,,tobacco,2013
Timor-Leste,,tobacco,2013
Togo,,tobacco,2013
Tonga,30.2,tobacco,2013
Trinidad and Tobago,,tobacco,2013
Tunisia,,tobacco,2013
Turkey,27,tobacco,2013
Turkmenistan,,tobacco,2013
Tuvalu,,tobacco,2013
Uganda,10.3,tobacco,2013
Ukraine,30.7,tobacco,2013
United Arab Emirates,,tobacco,2013
United Kingdom,20.3,tobacco,2013
Tanzania,16.3,tobacco,2013
United States,18.1,tobacco,2013
Uruguay,24.8,tobacco,2013
Uzbekistan,13.3,tobacco,2013
Vanuatu,,tobacco,2013
Venezuela,,tobacco,2013
Vietnam,23.7,tobacco,2013
Yemen,,tobacco,2013
Zambia,15.9,tobacco,2013
Zimbabwe,,tobacco,2013
China,1379150000,country_population,2016
India,1330910000,country_population,2016
United States,324644000,country_population,2016
Indonesia,260581000,country_population,2016
Brazil,206759000,country_population,2016
Pakistan,194452000,country_population,2016
Nigeria,186987000,country_population,2016
Bangladesh,161204000,country_population,2016
Russia,146691020,country_population,2016
Mexico,128632000,country_population,2016
Japan,126685000,country_population,2016
Philippines,103120000,country_population,2016
Ethiopia,101853000,country_population,2016
Vietnam,95261000,country_population,2016
Egypt,91709900,country_population,2016
Congo,85110000,country_population,2016
Germany,82175700,country_population,2015
Iran,79588300,country_population,2016
Turkey,79532400,country_population,2016
Thailand,68145000,country_population,2016
France,66790000,country_population,2016
United Kingdom,65112000,country_population,2015
Italy,60665551,country_population,2016
South Africa,55654000,country_population,2016
Tanzania,55155000,country_population,2016
Myanmar,54363426,country_population,2016
South Korea,50501405,country_population,2016
Colombia,48868000,country_population,2016
Kenya,47251000,country_population,2016
Spain,46812000,country_population,2016
Argentina,43850000,country_population,2016
Ukraine,42650186,country_population,2016
Sudan,41176000,country_population,2016
Algeria,40400000,country_population,2016
Uganda,39121000,country_population,2016
Poland,38672000,country_population,2016
Iraq,36787000,country_population,2016
Canada,36323700,country_population,2016
Morocco,34102400,country_population,2016
Malaysia,31784500,country_population,2016
Uzbekistan,31575300,country_population,2016
Peru,31488700,country_population,2016
Venezuela,31028700,country_population,2016
Saudi Arabia,31015999,country_population,2015
Nepal,30986975,country_population,2016
Ghana,27670174,country_population,2015
Afghanistan,27657145,country_population,2016
Yemen,27478000,country_population,2016
Mozambique,26423700,country_population,2016
Angola,25789024,country_population,2014
Australia,24234900,country_population,2016
North Korea,24213510,country_population,2014
Taiwan,23514750,country_population,2016
Cameroon,22709892,country_population,2016
Ivory Coast,22671331,country_population,2014
Madagascar,22434363,country_population,2014
Sri Lanka,20966000,country_population,2015
Niger,20715000,country_population,2016
Romania,19760000,country_population,2016
Burkina Faso,19034397,country_population,2016
Syria,18564000,country_population,2016
Mali,18341000,country_population,2016
Chile,18191900,country_population,2016
Kazakhstan,17753200,country_population,2016
Netherlands,17054000,country_population,2016
Malawi,16832910,country_population,2016
Ecuador,16635333,country_population,2016
Guatemala,16176133,country_population,2015
Zambia,15933883,country_population,2016
Cambodia,15626444,country_population,2016
Senegal,14799859,country_population,2016
Chad,14497000,country_population,2016
Zimbabwe,14240168,country_population,2016
Guinea,12947000,country_population,2016
South Sudan,12131000,country_population,2016
Rwanda,11553188,country_population,2016
Greece,11328850,country_population,2016
Belgium,11307986,country_population,2016
Cuba,11239004,country_population,2015
Tunisia,11154400,country_population,2015
Somalia,11079000,country_population,2016
Haiti,11078033,country_population,2016
Bolivia,10985059,country_population,2016
Benin,10653654,country_population,2016
Czech Republic,10564866,country_population,2016
Portugal,10341330,country_population,2015
Burundi,10114505,country_population,2016
Dominican Republic,10075045,country_population,2016
Sweden,9920881,country_population,2016
United Arab Emirates,9856000,country_population,2016
Hungary,9823000,country_population,2016
Azerbaijan,9755500,country_population,2016
Jordan,9735510,country_population,2016
Belarus,9500000,country_population,2016
Austria,8741753,country_population,2016
Honduras,8721014,country_population,2016
Israel,8592200,country_population,2016
Tajikistan,8551000,country_population,2016
Switzerland,8341600,country_population,2016
Papua New Guinea,8083700,country_population,2015
Hong Kong (China),7346700,country_population,2016
Bulgaria,7153784,country_population,2015
Togo,7143000,country_population,2016
Serbia,7076372,country_population,2016
Sierra Leone,7075641,country_population,2015
Paraguay,6854536,country_population,2016
El Salvador,6520675,country_population,2016
Laos,6492400,country_population,2015
Libya,6385000,country_population,2016
Nicaragua,6262703,country_population,2015
Kyrgyzstan,6088000,country_population,2016
Lebanon,5988000,country_population,2016
Denmark,5724456,country_population,2016
Singapore,5535000,country_population,2015
Finland,5498450,country_population,2016
Slovakia,5426252,country_population,2015
Eritrea,5352000,country_population,2016
Norway,5236826,country_population,2016
Central African Republic,4998000,country_population,2016
Costa Rica,4890379,country_population,2016
Palestine,4816503,country_population,2016
Ireland,4757976,country_population,2016
Turkmenistan,4751120,country_population,2012
Congo,4741000,country_population,2016
New Zealand,4721040,country_population,2016
Oman,4496760,country_population,2016
Puntland (Somalia),4284633,country_population,2015
Croatia,4190669,country_population,2015
Kuwait,4183658,country_population,2015
Liberia,4076530,country_population,2016
Somaliland (Somalia),3850000,country_population,2009
Panama,3814672,country_population,2016
Georgia,3720400,country_population,2016
Mauritania,3718678,country_population,2016
Moldova,3553100,country_population,2016
Bosnia and Herzegovina,3531159,country_population,2013
Uruguay,3480222,country_population,2016
Puerto Rico (U.S.),3474182,country_population,2015
Mongolia,3108675,country_population,2016
Armenia,2995100,country_population,2016
Albania,2886026,country_population,2016
Lithuania,2862786,country_population,2016
Jamaica,2723246,country_population,2014
Qatar,2401598,country_population,2016
Namibia,2324388,country_population,2016
Botswana,2230905,country_population,2016
Macedonia,2071278,country_population,2015
Slovenia,2063371,country_population,2016
Latvia,1957600,country_population,2016
Lesotho,1916000,country_population,2014
The Gambia,1882450,country_population,2013
Kosovo,1836978,country_population,2016
Gabon,1802278,country_population,2013
Guinea-Bissau,1547777,country_population,2016
Bahrain,1404900,country_population,2016
Trinidad and Tobago,1349667,country_population,2015
Estonia,1315944,country_population,2016
Mauritius,1262879,country_population,2015
Equatorial Guinea,1222442,country_population,2015
East Timor,1167242,country_population,2015
Swaziland,1132657,country_population,2016
Djibouti,900000,country_population,2016
Fiji,867000,country_population,2015
Cyprus,847000,country_population,2014
Réunion (France),843529,country_population,2015
Comoros,806153,country_population,2016
Bhutan,778820,country_population,2016
Guyana,746900,country_population,2013
Macau (China),652500,country_population,2016
Solomon Islands,642000,country_population,2015
Montenegro,621810,country_population,2014
Western Sahara,584000,country_population,2016
Luxembourg,576200,country_population,2015
Suriname,541638,country_population,2012
Cape Verde,531239,country_population,2016
Transnistria,505153,country_population,2014
Malta,429344,country_population,2014
Brunei,411900,country_population,2014
Guadeloupe (France),400132,country_population,2015
Martinique (France),378243,country_population,2015
Bahamas,378040,country_population,2016
Belize,375909,country_population,2016
Maldives,344023,country_population,2014
Iceland,336060,country_population,2016
Northern Cyprus,294396,country_population,2011
Barbados,285000,country_population,2016
Vanuatu,277500,country_population,2015
French Polynesia (France),271800,country_population,2014
New Caledonia (France),268767,country_population,2014
French Guiana (France),254541,country_population,2015
Abkhazia,240705,country_population,2011
Mayotte (France),226915,country_population,2015
Samoa,194899,country_population,2016
São Tomé and Príncipe,187356,country_population,2012
Saint Lucia,186000,country_population,2016
Guam (U.S.),184200,country_population,2015
Curaçao (Netherlands),158986,country_population,2016
Nagorno-Karabakh Republic,150932,country_population,2015
Kiribati,113400,country_population,2015
Aruba (Netherlands),110108,country_population,2015
Saint Vincent and the Grenadines,109991,country_population,2012
United States Virgin Islands (U.S.),106000,country_population,2016
Grenada,103328,country_population,2011
Tonga,103252,country_population,2011
Federated States of Micronesia,102800,country_population,2015
Jersey (UK),102700,country_population,2015
Seychelles,93144,country_population,2015
Antigua and Barbuda,86295,country_population,2011
Isle of Man (UK),84497,country_population,2011
Andorra,78014,country_population,2015
Dominica,71293,country_population,2011
Guernsey (UK),63001,country_population,2015
Bermuda (UK),61954,country_population,2013
Cayman Islands (UK),60413,country_population,2015
American Samoa (U.S.),57100,country_population,2015
Northern Mariana Islands (U.S.),56940,country_population,2015
Greenland (Denmark),56186,country_population,2016
Marshall Islands,54880,country_population,2015
South Ossetia,53559,country_population,2015
Faroe Islands (Denmark),49755,country_population,2016
Saint Kitts and Nevis,46204,country_population,2011
Monaco,38400,country_population,2015
Sint Maarten (Netherlands),38247,country_population,2015
Liechtenstein,37623,country_population,2015
Saint-Martin (France),36457,country_population,2015
Gibraltar (UK),33140,country_population,2014
San Marino,33005,country_population,2015
Turks and Caicos Islands (UK),31458,country_population,2012
British Virgin Islands (UK),28514,country_population,2013
Bonaire (Netherlands),18905,country_population,2015
Cook Islands,18100,country_population,2016
Palau,17950,country_population,2015
Anguilla (UK),13452,country_population,2011
Wallis and Futuna (France),11750,country_population,2015
Tuvalu,10640,country_population,2012
Nauru,10084,country_population,2011
Saint Barthélemy (France),9417,country_population,2015
Saint Pierre and Miquelon (France),6286,country_population,2015
Montserrat (UK),4922,country_population,2011
"Saint Helena, Ascension and Tristan da Cunha (UK)",4255,country_population,2008
Sint Eustatius (Netherlands),3877,country_population,2015
Falkland Islands (UK),2563,country_population,2012
Norfolk Island (Australia),2302,country_population,2011
Christmas Island (Australia),2072,country_population,2011
Saba (Netherlands),1811,country_population,2015
Niue,1470,country_population,2015
Tokelau (NZ),1411,country_population,2011
Vatican City,842,country_population,2014
Cocos (Keeling) Islands (Australia),550,country_population,2011
Pitcairn Islands (UK),57,country_population,2014
Algeria,africa,continent,
Angola,africa,continent,
Benin,africa,continent,
Botswana,africa,continent,
Burkina,africa,continent,
Burundi,africa,continent,
Cameroon,africa,continent,
Cape Verde,africa,continent,
Central African Republic,africa,continent,
Chad,africa,continent,
Comoros,africa,continent,
Congo,africa,continent,
Congo,africa,continent,
Djibouti,africa,continent,
Egypt,africa,continent,
Equatorial Guinea,africa,continent,
Eritrea,africa,continent,
Ethiopia,africa,continent,
Gabon,africa,continent,
Gambia,africa,continent,
Ghana,africa,continent,
Guinea,africa,continent,
Guinea-Bissau,africa,continent,
Ivory Coast,africa,continent,
Kenya,africa,continent,
Lesotho,africa,continent,
Liberia,africa,continent,
Libya,africa,continent,
Madagascar,africa,continent,
Malawi,africa,continent,
Mali,africa,continent,
Mauritania,africa,continent,
Mauritius,africa,continent,
Morocco,africa,continent,
Mozambique,africa,continent,
Namibia,africa,continent,
Niger,africa,continent,
Nigeria,africa,continent,
Rwanda,africa,continent,
Sao Tome and Principe,africa,continent,
Senegal,africa,continent,
Seychelles,africa,continent,
Sierra Leone,africa,continent,
Somalia,africa,continent,
South Africa,africa,continent,
South Sudan,africa,continent,
Sudan,africa,continent,
Swaziland,africa,continent,
Tanzania,africa,continent,
Togo,africa,continent,
Tunisia,africa,continent,
Uganda,africa,continent,
Zambia,africa,continent,
Zimbabwe,africa,continent,
Afghanistan,asia,continent,
Bahrain,asia,continent,
Bangladesh,asia,continent,
Bhutan,asia,continent,
Brunei,asia,continent,
Myanmar,asia,continent,
Cambodia,asia,continent,
China,asia,continent,
East Timor,asia,continent,
India,asia,continent,
Indonesia,asia,continent,
Iran,asia,continent,
Iraq,asia,continent,
Israel,asia,continent,
Japan,asia,continent,
Jordan,asia,continent,
Kazakhstan,asia,continent,
North Korea,asia,continent,
South Korea,asia,continent,
Kuwait,asia,continent,
Kyrgyzstan,asia,continent,
Laos,asia,continent,
Lebanon,asia,continent,
Malaysia,asia,continent,
Maldives,asia,continent,
Mongolia,asia,continent,
Nepal,asia,continent,
Oman,asia,continent,
Pakistan,asia,continent,
Philippines,asia,continent,
Qatar,asia,continent,
Russia,asia,continent,
Saudi Arabia,asia,continent,
Singapore,asia,continent,
Sri Lanka,asia,continent,
Syria,asia,continent,
Taiwan,asia,continent,
Tajikistan,asia,continent,
Thailand,asia,continent,
Turkey,asia,continent,
Turkmenistan,asia,continent,
United Arab Emirates,asia,continent,
Uzbekistan,asia,continent,
Vietnam,asia,continent,
Yemen,asia,continent,
Albania,europe,continent,
Andorra,europe,continent,
Armenia,europe,continent,
Austria,europe,continent,
Azerbaijan,europe,continent,
Belarus,europe,continent,
Belgium,europe,continent,
Bosnia and Herzegovina,europe,continent,
Bulgaria,europe,continent,
Croatia,europe,continent,
Cyprus,europe,continent,
Czech Republic,europe,continent,
Denmark,europe,continent,
Estonia,europe,continent,
Finland,europe,continent,
France,europe,continent,
Georgia,europe,continent,
Germany,europe,continent,
Greece,europe,continent,
Hungary,europe,continent,
Iceland,europe,continent,
Ireland,europe,continent,
Italy,europe,continent,
Latvia,europe,continent,
Liechtenstein,europe,continent,
Lithuania,europe,continent,
Luxembourg,europe,continent,
Macedonia,europe,continent,
Malta,europe,continent,
Moldova,europe,continent,
Monaco,europe,continent,
Montenegro,europe,continent,
Netherlands,europe,continent,
Norway,europe,continent,
Poland,europe,continent,
Portugal,europe,continent,
Romania,europe,continent,
San Marino,europe,continent,
Serbia,europe,continent,
Slovakia,europe,continent,
Slovenia,europe,continent,
Spain,europe,continent,
Sweden,europe,continent,
Switzerland,europe,continent,
Ukraine,europe,continent,
United Kingdom,europe,continent,
Vatican City,europe,continent,
Antigua and Barbuda,n_america,continent,
Bahamas,n_america,continent,
Barbados,n_america,continent,
Belize,n_america,continent,
Canada,n_america,continent,
Costa Rica,n_america,continent,
Cuba,n_america,continent,
Dominica,n_america,continent,
Dominican Republic,n_america,continent,
El Salvador,n_america,continent,
Grenada,n_america,continent,
Guatemala,n_america,continent,
Haiti,n_america,continent,
Honduras,n_america,continent,
Jamaica,n_america,continent,
Mexico,n_america,continent,
Nicaragua,n_america,continent,
Panama,n_america,continent,
Saint Kitts and Nevis,n_america,continent,
Saint Lucia,n_america,continent,
Saint Vincent and the Grenadines,n_america,continent,
Trinidad and Tobago,n_america,continent,
United States,n_america,continent,
Australia,oceania,continent,
Fiji,oceania,continent,
Kiribati,oceania,continent,
Marshall Islands,oceania,continent,
Micronesia,oceania,continent,
Nauru,oceania,continent,
New Zealand,oceania,continent,
Palau,oceania,continent,
Papua New Guinea,oceania,continent,
Samoa,oceania,continent,
Solomon Islands,oceania,continent,
Tonga,oceania,continent,
Tuvalu,oceania,continent,
Vanuatu,oceania,continent,
Argentina,s_america,continent,
Bolivia,s_america,continent,
Brazil,s_america,continent,
Chile,s_america,continent,
Colombia,s_america,continent,
Ecuador,s_america,continent,
Guyana,s_america,continent,
Paraguay,s_america,continent,
Peru,s_america,continent,
Suriname,s_america,continent,
Uruguay,s_america,continent,
Venezuela,s_america,continent,
Hong Kong,,health_spending,
Timor-Leste,1.47530345,health_spending,
Laos,1.86554551,health_spending,
Turkmenistan,2.06738625,health_spending,
Qatar,2.18706236,health_spending,
Myanmar,2.27575459,health_spending,
Pakistan,2.61391631,health_spending,
Brunei Darussalam,2.64816289,health_spending,
South Sudan,2.73842073,health_spending,
Bangladesh,2.81899856,health_spending,
Indonesia,2.84686016,health_spending,
Madagascar,3.04135502,health_spending,
Kuwait,3.04236844,health_spending,
Syrian Arab Republic,3.25453108,health_spending,
Angola,3.30698293,health_spending,
Nauru,3.32664948,health_spending,
Eritrea,3.33829318,health_spending,
Seychelles,3.36981689,health_spending,
Gabon,3.43747162,health_spending,
Sri Lanka,3.50335011,health_spending,
Oman,3.55393969,health_spending,
Ghana,3.55729189,health_spending,
Bhutan,3.57301481,health_spending,
Chad,3.6211644,health_spending,
United Arab Emirates,3.64398564,health_spending,
Nigeria,3.66879844,health_spending,
Mauritania,3.77269904,health_spending,
Equatorial Guinea,3.80407904,health_spending,
Other small states,4.0672463138,health_spending,
Cameroon,4.10367158,health_spending,
Malaysia,4.16907804,health_spending,
Central African Republic,4.20022213,health_spending,
IDA blend,4.2540092835,health_spending,
Papua New Guinea,4.26357082,health_spending,
Congo,4.32823361,health_spending,
Monaco,4.337683,health_spending,
Kazakhstan,4.35593983,health_spending,
South Asia,4.3740356289,health_spending,
South Asia (IDA & IBRD),4.3740356289,health_spending,
Dominican Republic,4.37577756,health_spending,
Small states,4.3828783818,health_spending,
Armenia,4.48014942,health_spending,
Lower middle income,4.4808800367,health_spending,
Fiji,4.48749874,health_spending,
Benin,4.59429651,health_spending,
IDA total,4.6362296065,health_spending,
Senegal,4.66497201,health_spending,
Least developed countries: UN classification,4.6790203806,health_spending,
Saudi Arabia,4.68408481,health_spending,
India,4.68508833,health_spending,
Philippines,4.7099852,health_spending,
Mongolia,4.73034173,health_spending,
Pre-demographic dividend,4.7428992131,health_spending,
Cabo Verde,4.75969597,health_spending,
Argentina,4.78591616,health_spending,
Mauritius,4.80954464,health_spending,
Arab World,4.8458608847,health_spending,
Ethiopia,4.88431325,health_spending,
Singapore,4.92279194,health_spending,
Burkina Faso,4.96026323,health_spending,
Libya,4.96893503,health_spending,
Bahrain,4.98079638,health_spending,
Zambia,4.98676469,health_spending,
Vanuatu,5.02357493,health_spending,
Solomon Islands,5.05106254,health_spending,
Congo,5.15141136,health_spending,
IDA only,5.1575712911,health_spending,
Tonga,5.17677064,health_spending,
Togo,5.24687674,health_spending,
Guyana,5.2478035,health_spending,
Venezuela,5.2567025,health_spending,
Early-demographic dividend,5.276428807,health_spending,
Middle East & North Africa,5.2928881105,health_spending,
East Asia & Pacific (IDA & IBRD countries),5.3323129824,health_spending,
East Asia & Pacific (excluding high income),5.3323129824,health_spending,
Jamaica,5.36152479,health_spending,
Botswana,5.41200262,health_spending,
Turkey,5.41495949,health_spending,
Sub-Saharan Africa,5.4616287795,health_spending,
Sub-Saharan Africa (IDA & IBRD countries),5.4616287795,health_spending,
Sub-Saharan Africa (excluding high income),5.4633305925,health_spending,
Peru,5.47303468,health_spending,
Dominica,5.48583257,health_spending,
Iraq,5.53887318,health_spending,
Antigua and Barbuda,5.54168311,health_spending,
China,5.54822768,health_spending,
Romania,5.56500913,health_spending,
Tanzania,5.58011591,health_spending,
Fragile and conflict affected situations,5.5852320026,health_spending,
Guinea-Bissau,5.59313736,health_spending,
Yemen,5.63699019,health_spending,
Egypt,5.64211505,health_spending,
Guinea,5.64479793,health_spending,
Cambodia,5.67563855,health_spending,
Suriname,5.68746988,health_spending,
Belarus,5.68772158,health_spending,
Cote d'Ivoire,5.71627357,health_spending,
Kenya,5.72029126,health_spending,
Low income,5.7430340893,health_spending,
Belize,5.78895004,health_spending,
Nepal,5.797226,health_spending,
Pacific island small states,5.7995288399,health_spending,
Low & middle income,5.81956065,health_spending,
Middle income,5.8206358098,health_spending,
Niger,5.82129922,health_spending,
Uzbekistan,5.83852176,health_spending,
IDA & IBRD total,5.8563946414,health_spending,
Latvia,5.88069354,health_spending,
Albania,5.88310543,health_spending,
Morocco,5.90777806,health_spending,
Trinidad and Tobago,5.93319696,health_spending,
IBRD only,5.9593231016,health_spending,
Heavily indebted poor countries (HIPC),6.0064897098,health_spending,
Azerbaijan,6.0368632,health_spending,
Grenada,6.09761403,health_spending,
Caribbean small states,6.1050588358,health_spending,
Late-demographic dividend,6.1130891621,health_spending,
San Marino,6.12906486,health_spending,
Upper middle income,6.1795267359,health_spending,
Guatemala,6.20230127,health_spending,
Mexico,6.29642103,health_spending,
Bolivia,6.33482729,health_spending,
Middle East & North Africa (excluding high income),6.3458141634,health_spending,
Middle East & North Africa (IDA & IBRD countries),6.3458141634,health_spending,
Poland,6.35024637,health_spending,
Estonia,6.37929421,health_spending,
Lebanon,6.39370883,health_spending,
Montenegro,6.41654268,health_spending,
Europe & Central Asia (excluding high income),6.4272151202,health_spending,
Europe & Central Asia (IDA & IBRD countries),6.4354568351,health_spending,
Zimbabwe,6.43947119,health_spending,
"Macedonia, FYR",6.47637457,health_spending,
Kyrgyz Republic,6.48376219,health_spending,
Thailand,6.52943298,health_spending,
Lithuania,6.55211709,health_spending,
St. Lucia,6.71904145,health_spending,
Comoros,6.74764314,health_spending,
El Salvador,6.77240285,health_spending,
Central Europe and the Baltics,6.8425591656,health_spending,
Mali,6.86216649,health_spending,
Tajikistan,6.880884,health_spending,
"Iran, Islamic Rep.",6.8949223,health_spending,
East Asia & Pacific,6.9025175216,health_spending,
Luxembourg,6.93787356,health_spending,
Mozambique,6.97558186,health_spending,
Tunisia,7.00385794,health_spending,
Vietnam,7.06677833,health_spending,
Russia,7.07040825,health_spending,
Ukraine,7.09573611,health_spending,
Colombia,7.20129855,health_spending,
Algeria,7.20717804,health_spending,
Latin America & Caribbean (excluding high income),7.2129917609,health_spending,
Samoa,7.21510906,health_spending,
Uganda,7.22213686,health_spending,
Latin America & the Caribbean (IDA & IBRD countries),7.237899583,health_spending,
Latin America & Caribbean,7.2388323928,health_spending,
"Gambia, The",7.34040076,health_spending,
Cyprus,7.36761162,health_spending,
South Korea,7.37311255,health_spending,
Hungary,7.40078093,health_spending,
Czech Republic,7.41091154,health_spending,
Georgia,7.4166592,health_spending,
Jordan,7.45299586,health_spending,
Barbados,7.469303,health_spending,
Rwanda,7.53155111,health_spending,
Burundi,7.53556539,health_spending,
Haiti,7.55565419,health_spending,
"Bahamas, The",7.74236489,health_spending,
Ireland,7.78319657,health_spending,
Chile,7.78585767,health_spending,
Croatia,7.80324176,health_spending,
Israel,7.80830808,health_spending,
Panama,8.0257236,health_spending,
Slovakia,8.05404755,health_spending,
Greece,8.08426702,health_spending,
Andorra,8.12713561,health_spending,
Afghanistan,8.18227382,health_spending,
Brazil,8.32283359,health_spending,
Sao Tome and Principe,8.35346606,health_spending,
Sudan,8.42877471,health_spending,
Bulgaria,8.44291326,health_spending,
Uruguay,8.5814914,health_spending,
Saint Vincent and the Grenadines,8.63023974,health_spending,
Honduras,8.72268046,health_spending,
South Africa,8.79698456,health_spending,
Iceland,8.85916593,health_spending,
Namibia,8.92868766,health_spending,
Palau,9.02153343,health_spending,
Spain,9.02988651,health_spending,
Nicaragua,9.04013941,health_spending,
United Kingdom,9.11547172,health_spending,
Ecuador,9.16108824,health_spending,
Slovenia,9.23388628,health_spending,
Italy,9.24791783,health_spending,
Swaziland,9.25193954,health_spending,
Costa Rica,9.31311229,health_spending,
Australia,9.42230024,health_spending,
Portugal,9.50107564,health_spending,
Europe & Central Asia,9.5260546767,health_spending,
Bosnia and Herzegovina,9.57201597,health_spending,
Finland,9.67990894,health_spending,
Norway,9.71971755,health_spending,
Malta,9.74992027,health_spending,
Paraguay,9.81442131,health_spending,
World,9.944539201,health_spending,
Liberia,10.03633328,health_spending,
European Union,10.0389200768,health_spending,
Kiribati,10.21295042,health_spending,
Japan,10.22874408,health_spending,
Moldova,10.32365569,health_spending,
Serbia,10.36881192,health_spending,
Euro area,10.4450339388,health_spending,
Canada,10.449582,health_spending,
Djibouti,10.56825612,health_spending,
Belgium,10.5947509,health_spending,
Lesotho,10.61767672,health_spending,
Denmark,10.80495696,health_spending,
Netherlands,10.89729305,health_spending,
New Zealand,11.0296101,health_spending,
Cuba,11.05880043,health_spending,
Sierra Leone,11.08990224,health_spending,
Austria,11.20547328,health_spending,
Germany,11.29700067,health_spending,
Malawi,11.37795606,health_spending,
France,11.53951975,health_spending,
Switzerland,11.65926872,health_spending,
Sweden,11.92983965,health_spending,
High income,12.2678660705,health_spending,
OECD members,12.3511700416,health_spending,
Post-demographic dividend,12.7200211256,health_spending,
"Micronesia, Fed. Sts.",13.70691454,health_spending,
Maldives,13.73352009,health_spending,
North America,16.516896661,health_spending,
Tuvalu,16.53663877,health_spending,
Marshall Islands,17.13572274,health_spending,
United States,17.14075435,health_spending,
United Arab Emirates,False,oecd,
Afghanistan,False,oecd,
Albania,False,oecd,
Angola,False,oecd,
Argentina,False,oecd,
Azerbaijan,False,oecd,
Bosnia and Herzegovina,False,oecd,
Bangladesh,False,oecd,
Bulgaria,False,oecd,
Bolivia,False,oecd,
Brazil,False,oecd,
Congo,False,oecd,
Cameroon,False,oecd,
China,False,oecd,
Colombia,False,oecd,
Costa Rica,False,oecd,
Dominican Republic,False,oecd,
Algeria,False,oecd,
Ecuador,False,oecd,
Egypt,False,oecd,
Ethiopia,False,oecd,
Georgia,False,oecd,
Ghana,False,oecd,
Guatemala,False,oecd,
Hong Kong,False,oecd,
Honduras,False,oecd,
Croatia,False,oecd,
Haiti,False,oecd,
Indonesia,False,oecd,
Israel,False,oecd,
India,False,oecd,
Iraq,False,oecd,
Jamaica,False,oecd,
Jordan,False,oecd,
Kenya,False,oecd,
Cambodia,False,oecd,
South Korea,False,oecd,
Kuwait,False,oecd,
Kazakhstan,False,oecd,
Laos,False,oecd,
Lebanon,False,oecd,
Sri Lanka,False,oecd,
Lithuania,False,oecd,
Libya,False,oecd,
Morocco,False,oecd,
Madagascar,False,oecd,
Mali,False,oecd,
Myanmar,False,oecd,
Mongolia,False,oecd,
Malaysia,False,oecd,
Mozambique,False,oecd,
Nigeria,False,oecd,
Nicaragua,False,oecd,
Nepal,False,oecd,
Oman,False,oecd,
Panama,False,oecd,
Peru,False,oecd,
Philippines,False,oecd,
Pakistan,False,oecd,
Paraguay,False,oecd,
Qatar,False,oecd,
Romania,False,oecd,
Serbia,False,oecd,
Russia,False,oecd,
Saudi Arabia,False,oecd,
Singapore,False,oecd,
Slovakia,False,oecd,
Senegal,False,oecd,
El Salvador,False,oecd,
Thailand,False,oecd,
Tunisia,False,oecd,
Taiwan,False,oecd,
Tanzania,False,oecd,
Ukraine,False,oecd,
Uganda,False,oecd,
Uruguay,False,oecd,
Venezuela,False,oecd,
Vietnam,False,oecd,
Yemen,False,oecd,
South Africa,False,oecd,
Zambia,False,oecd,
Australia,True,oecd,
Austria,True,oecd,
Belgium,True,oecd,
Canada,True,oecd,
Chile,True,oecd,
Czech Republic,True,oecd,
Denmark,True,oecd,
Estonia,True,oecd,
Finland,True,oecd,
France,True,oecd,
Germany,True,oecd,
Greece,True,oecd,
Hungary,True,oecd,
Iceland,True,oecd,
Ireland,True,oecd,
Israël,True,oecd,
Italy,True,oecd,
Japan,True,oecd,
South Korea,True,oecd,
Latvia,True,oecd,
Luxembourg,True,oecd,
Mexico,True,oecd,
Netherlands,True,oecd,
New Zealand,True,oecd,
Norway,True,oecd,
Poland,True,oecd,
Portugal,True,oecd,
Slovakia,True,oecd,
Slovenia,True,oecd,
Spain,True,oecd,
Sweden,True,oecd,
Switzerland,True,oecd,
Turkey,True,oecd,
United Kingdom,True,oecd,
United States,True,oecd,
Luxembourg,101393,gdp,
Switzerland,80186,gdp,
Macau,78268,gdp,
Norway,74676,gdp,
Qatar,74513,gdp,
Australia,56330,gdp,
United States,55837,gdp,
Singapore,52841,gdp,
Denmark,51965,gdp,
Ireland,51297,gdp,
Iceland,50297,gdp,
Sweden,50267,gdp,
Netherlands,44424,gdp,
United Kingdom,43733,gdp,
Austria,43444,gdp,
Canada,43251,gdp,
Hong Kong,42398,gdp,
Finland,41936,gdp,
Germany,41221,gdp,
United Arab Emirates,40425,gdp,
Belgium,40216,gdp,
New Zealand,37773,gdp,
Brunei,36609,gdp,
France,36248,gdp,
Israel,35330,gdp,
Japan,32477,gdp,
Italy,29848,gdp,
Kuwait,28985,gdp,
South Korea,27222,gdp,
Spain,25832,gdp,
Bahrain,23396,gdp,
Cyprus,22957,gdp,
"Bahamas, The",22897,gdp,
Slovenia,20713,gdp,
Saudi Arabia,20482,gdp,
Trinidad and Tobago,20444,gdp,
Portugal,19220,gdp,
Greece,18042,gdp,
Estonia,17321,gdp,
Czech Republic,17233,gdp,
Seychelles,15978,gdp,
Slovakia,15975,gdp,
Barbados,15896,gdp,
Oman,15647,gdp,
Uruguay,15581,gdp,
Saint Kitts and Nevis,15367,gdp,
Antigua and Barbuda,14411,gdp,
Palau,14350,gdp,
Lithuania,14173,gdp,
Latvia,13654,gdp,
Chile,13383,gdp,
Panama,13265,gdp,
Argentina,12622,gdp,
Poland,12494,gdp,
Hungary,12252,gdp,
Venezuela,11936,gdp,
Croatia,11548,gdp,
Equatorial Guinea,11056,gdp,
Costa Rica,10625,gdp,
Kazakhstan,10511,gdp,
World,9997,gdp,
Malaysia,9766,gdp,
Russia,9202,gdp,
Mauritius,9136,gdp,
Turkey,9130,gdp,
Suriname,9033,gdp,
Mexico,9009,gdp,
Romania,8974,gdp,
Grenada,8891,gdp,
Brazil,8538,gdp,
Gabon,8289,gdp,
Lebanon,8052,gdp,
China,7925,gdp,
Maldives,7666,gdp,
Saint Lucia,7558,gdp,
Turkmenistan,6952,gdp,
Saint Vincent and the Grenadines,6827,gdp,
Bulgaria,6818,gdp,
Cuba (2013),6790,gdp,
Montenegro,6440,gdp,
Dominican Republic,6373,gdp,
Botswana,6368,gdp,
Ecuador,6250,gdp,
Peru,6121,gdp,
Colombia,6056,gdp,
Thailand,5816,gdp,
Belarus,5742,gdp,
South Africa,5691,gdp,
Azerbaijan,5497,gdp,
Iran,5376,gdp,
Serbia,5143,gdp,
Jamaica,5130,gdp,
Jordan,4936,gdp,
Fiji,4928,gdp,
Belize,4897,gdp,
"Macedonia, Republic of",4849,gdp,
Namibia,4693,gdp,
Libya,4642,gdp,
Iraq,4630,gdp,
El Salvador,4217,gdp,
Algeria,4206,gdp,
Bosnia and Herzegovina,4198,gdp,
Paraguay,4160,gdp,
Guyana,4112,gdp,
Angola,4102,gdp,
Samoa,4005,gdp,
Mongolia,3972,gdp,
Albania,3964,gdp,
Tonga,3945,gdp,
Sri Lanka,3925,gdp,
Guatemala,3904,gdp,
Tunisia,3872,gdp,
Tuvalu,3800,gdp,
Georgia,3795,gdp,
Marshall Islands,3740,gdp,
Egypt,3615,gdp,
Kosovo,3548,gdp,
Armenia,3497,gdp,
Indonesia,3347,gdp,
Micronesia,3180,gdp,
Swaziland,3147,gdp,
Cape Verde,3135,gdp,
Bolivia,3094,gdp,
Vanuatu,3019,gdp,
Morocco,2919,gdp,
Philippines,2899,gdp,
"Palestine, State of",2868,gdp,
Nigeria,2640,gdp,
Bhutan,2515,gdp,
Honduras,2494,gdp,
Papua New Guinea,2222,gdp,
Uzbekistan,2132,gdp,
Vietnam,2111,gdp,
Sudan,2089,gdp,
Nicaragua,2088,gdp,
Ukraine,2005,gdp,
Solomon Islands,1995,gdp,
Congo,1851,gdp,
Moldova,1845,gdp,
Laos,1813,gdp,
Djibouti,1785,gdp,
Sao Tome and Principe,1774,gdp,
India,1582,gdp,
Pakistan,1429,gdp,
Côte d'Ivoire,1399,gdp,
Ghana,1381,gdp,
Kenya,1377,gdp,
Zambia,1361,gdp,
Yemen,1340,gdp,
Mauritania,1337,gdp,
Kiribati,1318,gdp,
Cameroon,1251,gdp,
Bangladesh,1212,gdp,
Myanmar,1203,gdp,
Cambodia,1159,gdp,
East Timor,1130,gdp,
Kyrgyzstan,1103,gdp,
Lesotho,1019,gdp,
Tajikistan,926,gdp,
Senegal,911,gdp,
Zimbabwe,891,gdp,
Tanzania,840,gdp,
Haiti,829,gdp,
Comoros,790,gdp,
Benin,779,gdp,
Chad,776,gdp,
Mali,744,gdp,
Nepal,732,gdp,
South Sudan,731,gdp,
Rwanda,697,gdp,
Sierra Leone,694,gdp,
Uganda,676,gdp,
Ethiopia,619,gdp,
Burkina Faso,613,gdp,
Afghanistan,590,gdp,
Guinea-Bissau,574,gdp,
Somalia,552,gdp,
Togo,548,gdp,
Guinea,531,gdp,
Mozambique,525,gdp,
Liberia,456,gdp,
Congo,455,gdp,
Gambia,428,gdp,
Madagascar,412,gdp,
Malawi,381,gdp,
Niger,359,gdp,
Central African Republic,307,gdp,
Burundi,276,gdp,
Taiwan,,gdp,
United Arab Emirates,6800000,english_population,
Afghanistan,2100000,english_population,
Albania,750000,english_population,
Angola,620000,english_population,
Argentina,2100000,english_population,
Austria,1400000,english_population,
Australia,14000000,english_population,
Azerbaijan,330000,english_population,
Bosnia and Herzegovina,580000,english_population,
Bangladesh,18000000,english_population,
Belgium,2200000,english_population,
Bulgaria,1700000,english_population,
Bolivia,310000,english_population,
Brazil,5200000,english_population,
Canada,18000000,english_population,
Congo,620000,english_population,
Switzerland,1500000,english_population,
Chile,950000,english_population,
Cameroon,790000,english_population,
China,670000,english_population,
Colombia,1900000,english_population,
Costa Rica,390000,english_population,
Czech Republic,780000,english_population,
Germany,10000000,english_population,
Denmark,1300000,english_population,
Dominican Republic,620000,english_population,
Algeria,1500000,english_population,
Ecuador,790000,english_population,
Egypt,7200000,english_population,
Spain,3300000,english_population,
Ethiopia,4700000,english_population,
Finland,750000,english_population,
France,5800000,english_population,
United Kingdom,37000000,english_population,
Georgia,660000,english_population,
Ghana,3500000,english_population,
Greece,2100000,english_population,
Guatemala,390000,english_population,
Honduras,290000,english_population,
Croatia,770000,english_population,
Haiti,580000,english_population,
Hungary,1100000,english_population,
Indonesia,16000000,english_population,
Ireland,2400000,english_population,
Israel,2200000,english_population,
India,134000000,english_population,
Iraq,2600000,english_population,
Italy,5300000,english_population,
Jamaica,980000,english_population,
Jordan,1300000,english_population,
Japan,2100000,english_population,
Kenya,5500000,english_population,
Cambodia,3700000,english_population,
South Korea,1600000,english_population,
Kuwait,1700000,english_population,
Kazakhstan,160000,english_population,
Laos,230000,english_population,
Lebanon,1900000,english_population,
Sri Lanka,3800000,english_population,
Lithuania,720000,english_population,
Libya,470000,english_population,
Morocco,1700000,english_population,
Madagascar,280000,english_population,
Mali,200000,english_population,
Myanmar,10000000,english_population,
Mongolia,1100000,english_population,
Mexico,6700000,english_population,
Malaysia,14000000,english_population,
Mozambique,320000,english_population,
Nigeria,15000000,english_population,
Nicaragua,190000,english_population,
Netherlands,3800000,english_population,
Norway,1200000,english_population,
Nepal,5700000,english_population,
New Zealand,2700000,english_population,
Oman,1200000,english_population,
Panama,240000,english_population,
Peru,1500000,english_population,
Philippines,46000000,english_population,
Pakistan,24000000,english_population,
Poland,1900000,english_population,
Portugal,1200000,english_population,
Paraguay,180000,english_population,
Qatar,1900000,english_population,
Romania,3300000,english_population,
Serbia,1600000,english_population,
Russia,1500000,english_population,
Saudi Arabia,8800000,english_population,
Sweden,2100000,english_population,
Singapore,3600000,english_population,
Slovakia,590000,english_population,
Senegal,390000,english_population,
El Salvador,300000,english_population,
Thailand,4800000,english_population,
Tunisia,1000000,english_population,
Turkey,4300000,english_population,
Taiwan,1800000,english_population,
Tanzania,3100000,english_population,
Ukraine,870000,english_population,
Uganda,2100000,english_population,
United States,183000000,english_population,
Uruguay,190000,english_population,
Venezuela,890000,english_population,
Vietnam,3000000,english_population,
Yemen,210000,english_population,
South Africa,13000000,english_population,
Zambia,1300000,english_population,
Vatican,FALSE,developed,
Afghanistan,FALSE,developed,
Albania,FALSE,developed,
Algeria,FALSE,developed,
Angola,FALSE,developed,
Antigua and Barbuda,FALSE,developed,
Argentina,FALSE,developed,
Armenia,FALSE,developed,
Azerbaijan,FALSE,developed,
Bahamas,FALSE,developed,
Bahrain,FALSE,developed,
Bangladesh,FALSE,developed,
Barbados,FALSE,developed,
Belarus,FALSE,developed,
Belize,FALSE,developed,
Benin,FALSE,developed,
Bhutan,FALSE,developed,
Bolivia,FALSE,developed,
Bosnia and Herzegovina,FALSE,developed,
Botswana,FALSE,developed,
Brazil,FALSE,developed,
Brunei,FALSE,developed,
Bulgaria,FALSE,developed,
Burkina Faso,FALSE,developed,
Burundi,FALSE,developed,
Cambodia,FALSE,developed,
Cameroon,FALSE,developed,
Cape Verde,FALSE,developed,
Central African Republic,FALSE,developed,
Chad,FALSE,developed,
Chile,FALSE,developed,
China,FALSE,developed,
Colombia,FALSE,developed,
Comoros,FALSE,developed,
Congo,FALSE,developed,
Costa Rica,FALSE,developed,
Croatia,FALSE,developed,
Djibouti,FALSE,developed,
Dominica,FALSE,developed,
Dominican Republic,FALSE,developed,
Ecuador,FALSE,developed,
Egypt,FALSE,developed,
El Salvador,FALSE,developed,
Equatorial Guinea,FALSE,developed,
Eritrea,FALSE,developed,
Ethiopia,FALSE,developed,
Fiji,FALSE,developed,
Gabon,FALSE,developed,
The Gambia,FALSE,developed,
Georgia,FALSE,developed,
Ghana,FALSE,developed,
Grenada,FALSE,developed,
Guatemala,FALSE,developed,
Guinea,FALSE,developed,
Guinea-Bissau,FALSE,developed,
Guyana,FALSE,developed,
Haiti,FALSE,developed,
Honduras,FALSE,developed,
Hungary,FALSE,developed,
India,FALSE,developed,
Indonesia,FALSE,developed,
Iran,FALSE,developed,
Iraq,FALSE,developed,
Ivory Coast,FALSE,developed,
Jamaica,FALSE,developed,
Jordan,FALSE,developed,
Kazakhstan,FALSE,developed,
Kenya,FALSE,developed,
Kiribati,FALSE,developed,
Kosovo,FALSE,developed,
Kuwait,FALSE,developed,
Kyrgyzstan,FALSE,developed,
Laos,FALSE,developed,
Lebanon,FALSE,developed,
Lesotho,FALSE,developed,
Liberia,FALSE,developed,
Libya,FALSE,developed,
Macedonia,FALSE,developed,
Madagascar,FALSE,developed,
Malawi,FALSE,developed,
Malaysia,FALSE,developed,
Maldives,FALSE,developed,
Mali,FALSE,developed,
Marshall Islands,FALSE,developed,
Mauritania,FALSE,developed,
Mauritius,FALSE,developed,
Mexico,FALSE,developed,
Federated States of Micronesia,FALSE,developed,
Moldova,FALSE,developed,
Mongolia,FALSE,developed,
Montenegro,FALSE,developed,
Morocco,FALSE,developed,
Mozambique,FALSE,developed,
Myanmar,FALSE,developed,
Namibia,FALSE,developed,
Nepal,FALSE,developed,
Nicaragua,FALSE,developed,
Niger,FALSE,developed,
Nigeria,FALSE,developed,
Oman,FALSE,developed,
Pakistan,FALSE,developed,
Palau,FALSE,developed,
Panama,FALSE,developed,
Papua New Guinea,FALSE,developed,
Paraguay,FALSE,developed,
Peru,FALSE,developed,
Philippines,FALSE,developed,
Poland,FALSE,developed,
Qatar,FALSE,developed,
Romania,FALSE,developed,
Russia,FALSE,developed,
Rwanda,FALSE,developed,
Saint Kitts and Nevis,FALSE,developed,
Saint Lucia,FALSE,developed,
Saint Vincent and the Grenadines,FALSE,developed,
Samoa,FALSE,developed,
São Tomé and Príncipe,FALSE,developed,
Saudi Arabia,FALSE,developed,
Senegal,FALSE,developed,
Serbia,FALSE,developed,
Seychelles,FALSE,developed,
Sierra Leone,FALSE,developed,
Solomon Islands,FALSE,developed,
Somalia,FALSE,developed,
South Africa,FALSE,developed,
South Sudan,FALSE,developed,
Sri Lanka,FALSE,developed,
Sudan,FALSE,developed,
Suriname,FALSE,developed,
Swaziland,FALSE,developed,
Syria,FALSE,developed,
Tajikistan,FALSE,developed,
Tanzania,FALSE,developed,
Thailand,FALSE,developed,
Timor-Leste,FALSE,developed,
Togo,FALSE,developed,
Tonga,FALSE,developed,
Trinidad and Tobago,FALSE,developed,
Tunisia,FALSE,developed,
Turkey,FALSE,developed,
Turkmenistan,FALSE,developed,
Tuvalu,FALSE,developed,
Uganda,FALSE,developed,
Ukraine,FALSE,developed,
United Arab Emirates,FALSE,developed,
Uruguay,FALSE,developed,
Uzbekistan,FALSE,developed,
Vanuatu,FALSE,developed,
Venezuela,FALSE,developed,
Vietnam,FALSE,developed,
Yemen,FALSE,developed,
Zambia,FALSE,developed,
Zimbabwe,FALSE,developed,
Norway,TRUE,developed,
Australia,TRUE,developed,
Switzerland,TRUE,developed,
Denmark,TRUE,developed,
Netherlands,TRUE,developed,
Germany,TRUE,developed,
Ireland,TRUE,developed,
United States,TRUE,developed,
Canada,TRUE,developed,
New Zealand,TRUE,developed,
Singapore,TRUE,developed,
Hong Kong,TRUE,developed,
Liechtenstein,TRUE,developed,
Sweden,TRUE,developed,
United Kingdom,TRUE,developed,
Iceland,TRUE,developed,
South Korea,TRUE,developed,
Israel,TRUE,developed,
Luxembourg,TRUE,developed,
Japan,TRUE,developed,
Belgium,TRUE,developed,
France,TRUE,developed,
Austria,TRUE,developed,
Finland,TRUE,developed,
Taiwan,TRUE,developed,
Slovenia,TRUE,developed,
Spain,TRUE,developed,
Italy,TRUE,developed,
Czech Republic,TRUE,developed,
Greece,TRUE,developed,
Estonia,TRUE,developed,
Brunei,TRUE,developed,
Cyprus,TRUE,developed,
Qatar,TRUE,developed,
Andorra,TRUE,developed,
Slovakia,TRUE,developed,
Poland,TRUE,developed,
Lithuania,TRUE,developed,
Malta,TRUE,developed,
Saudi Arabia,TRUE,developed,
Argentina,TRUE,developed,
United Arab Emirates,TRUE,developed,
Chile,TRUE,developed,
Portugal,TRUE,developed,
Hungary,TRUE,developed,
Bahrain,TRUE,developed,
Latvia,TRUE,developed,
Croatia,TRUE,developed,
Kuwait,TRUE,developed,
Montenegro,TRUE,developed,
Japan,TRUE,peace,
Switzerland,TRUE,peace,
Qatar,TRUE,peace,
Mauritius,TRUE,peace,
Vietnam,TRUE,peace,
Uruguay,TRUE,peace,
Chile,TRUE,peace,
Botswana,TRUE,peace,
Costa Rica,TRUE,peace,
Brazil,TRUE,peace,
Afghanistan,TRUE,war,
Iraq,TRUE,war,
Nigeria,TRUE,war,
Syria,TRUE,war,
Cameroon,TRUE,war,
Niger,TRUE,war,
Chad,TRUE,war,
Algeria,TRUE,arab_league,
Bahrain,TRUE,arab_league,
Comoros,TRUE,arab_league,
Djibouti,TRUE,arab_league,
Egypt,TRUE,arab_league,
Iraq,TRUE,arab_league,
Jordan,TRUE,arab_league,
Kuwait,TRUE,arab_league,
Lebanon,TRUE,arab_league,
Libya,TRUE,arab_league,
Mauritania,TRUE,arab_league,
Morocco,TRUE,arab_league,
Oman,TRUE,arab_league,
Palestine,TRUE,arab_league,
Qatar,TRUE,arab_league,
Saudi Arabia,TRUE,arab_league,
Somalia,TRUE,arab_league,
South Sudan,TRUE,arab_league,
Syria,TRUE,arab_league,
Tunisia,TRUE,arab_league,
United Arab Emirates,TRUE,arab_league,
Yemen,TRUE,arab_league,
Albania,FALSE,arab_league,
Angola,FALSE,arab_league,
Argentina,FALSE,arab_league,
Austria,FALSE,arab_league,
Australia,FALSE,arab_league,
Azerbaijan,FALSE,arab_league,
Bosnia and Herzegovina,FALSE,arab_league,
Bangladesh,FALSE,arab_league,
Belgium,FALSE,arab_league,
Bulgaria,FALSE,arab_league,
Bolivia,FALSE,arab_league,
Brazil,FALSE,arab_league,
Canada,FALSE,arab_league,
Congo,FALSE,arab_league,
Switzerland,FALSE,arab_league,
Chile,FALSE,arab_league,
Cameroon,FALSE,arab_league,
China,FALSE,arab_league,
Colombia,FALSE,arab_league,
Costa Rica,FALSE,arab_league,
Czech Republic,FALSE,arab_league,
Germany,FALSE,arab_league,
Denmark,FALSE,arab_league,
Dominican Republic,FALSE,arab_league,
Ecuador,FALSE,arab_league,
Spain,FALSE,arab_league,
Ethiopia,FALSE,arab_league,
Finland,FALSE,arab_league,
France,FALSE,arab_league,
United Kingdom,FALSE,arab_league,
Georgia,FALSE,arab_league,
Ghana,FALSE,arab_league,
Greece,FALSE,arab_league,
Guatemala,FALSE,arab_league,
Hong Kong,FALSE,arab_league,
Honduras,FALSE,arab_league,
Croatia,FALSE,arab_league,
Haiti,FALSE,arab_league,
Hungary,FALSE,arab_league,
Indonesia,FALSE,arab_league,
Ireland,FALSE,arab_league,
Israel,FALSE,arab_league,
India,FALSE,arab_league,
Italy,FALSE,arab_league,
Jamaica,FALSE,arab_league,
Japan,FALSE,arab_league,
Kenya,FALSE,arab_league,
Cambodia,FALSE,arab_league,
South Korea,FALSE,arab_league,
Kazakhstan,FALSE,arab_league,
Laos,FALSE,arab_league,
Sri Lanka,FALSE,arab_league,
Lithuania,FALSE,arab_league,
Madagascar,FALSE,arab_league,
Mali,FALSE,arab_league,
Myanmar,FALSE,arab_league,
Mongolia,FALSE,arab_league,
Mexico,FALSE,arab_league,
Malaysia,FALSE,arab_league,
Malaysia,FALSE,arab_league,
Nigeria,FALSE,arab_league,
Nicaragua,FALSE,arab_league,
Netherlands,FALSE,arab_league,
Norway,FALSE,arab_league,
Nepal,FALSE,arab_league,
New Zealand,FALSE,arab_league,
Panama,FALSE,arab_league,
Peru,FALSE,arab_league,
Philippines,FALSE,arab_league,
Pakistan,FALSE,arab_league,
Poland,FALSE,arab_league,
Portugal,FALSE,arab_league,
Paraguay,FALSE,arab_league,
Romania,FALSE,arab_league,
Serbia,FALSE,arab_league,
Russia,FALSE,arab_league,
Sweden,FALSE,arab_league,
Singapore,FALSE,arab_league,
Slovakia,FALSE,arab_league,
Senegal,FALSE,arab_league,
El Salvador,FALSE,arab_league,
Thailand,FALSE,arab_league,
Turkey,FALSE,arab_league,
Taiwan,FALSE,arab_league,
Tanzania,FALSE,arab_league,
Ukraine,FALSE,arab_league,
Uganda,FALSE,arab_league,
United States,FALSE,arab_league,
Uruguay,FALSE,arab_league,
Venezuela,FALSE,arab_league,
Vietnam,FALSE,arab_league,
South Africa,FALSE,arab_league,
Zambia,FALSE,arab_league,
Afghanistan,FALSE,arab_league,
Mozambique,FALSE,arab_league,
Afghanistan,2600000,facebook_population,
Albania,1300000,facebook_population,
Algeria,15000000,facebook_population,
Andorra,43000,facebook_population,
Angola,3200000,facebook_population,
Argentina,28000000,facebook_population,
Armenia,910000,facebook_population,
Aruba,80000,facebook_population,
Australia,15000000,facebook_population,
Austria,3600000,facebook_population,
Azerbaijan,1800000,facebook_population,
Bahrain,960000,facebook_population,
Bangladesh,21000000,facebook_population,
Barbados,160000,facebook_population,
Belarus,1100000,facebook_population,
Belgium,6300000,facebook_population,
Belize,150000,facebook_population,
Benin,900000,facebook_population,
Bhutan,230000,facebook_population,
Bolivia,4200000,facebook_population,
Bosnia and Herzegovina,1500000,facebook_population,
Botswana,670000,facebook_population,
Brazil,109000000,facebook_population,
Brunei,340000,facebook_population,
Bulgaria,3200000,facebook_population,
Burkina Faso,610000,facebook_population,
Burundi,410000,facebook_population,
Cambodia,4100000,facebook_population,
Cameroon,2200000,facebook_population,
Canada,22000000,facebook_population,
Cape Verde,190000,facebook_population,
Central African Republic,78000,facebook_population,
Chad,150000,facebook_population,
Chile,12000000,facebook_population,
China,1900000,facebook_population,
Colombia,24000000,facebook_population,
Comoros,64000,facebook_population,
Costa Rica,2900000,facebook_population,
Croatia,1800000,facebook_population,
Curacao,110000,facebook_population,
Cyprus,800000,facebook_population,
Czech Republic,4400000,facebook_population,
Congo,2200000,facebook_population,
Denmark,3500000,facebook_population,
Djibouti,150000,facebook_population,
Dominica,39000,facebook_population,
Dominican Republic,4400000,facebook_population,
Ecuador,8700000,facebook_population,
Egypt,29000000,facebook_population,
El Salvador,2800000,facebook_population,
Equatorial Guinea,75000,facebook_population,
Eritrea,60000,facebook_population,
Estonia,610000,facebook_population,
Ethiopia,4400000,facebook_population,
Fiji,370000,facebook_population,
Finland,2600000,facebook_population,
France,32000000,facebook_population,
Gabon,480000,facebook_population,
Georgia,1900000,facebook_population,
Germany,30000000,facebook_population,
Ghana,3700000,facebook_population,
Greece,5000000,facebook_population,
Grenada,57000,facebook_population,
Guatemala,4700000,facebook_population,
Guinea,950000,facebook_population,
Guinea-Bissau,82000,facebook_population,
Guyana,280000,facebook_population,
Haiti,1300000,facebook_population,
Honduras,2500000,facebook_population,
Hong Kong,5100000,facebook_population,
Hungary,5100000,facebook_population,
Iceland,240000,facebook_population,
India,153000000,facebook_population,
Indonesia,81000000,facebook_population,
Iraq,13000000,facebook_population,
Ireland,2600000,facebook_population,
Israel,5200000,facebook_population,
Italy,29000000,facebook_population,
Jamaica,1100000,facebook_population,
Japan,28000000,facebook_population,
Jordan,4600000,facebook_population,
Kazakhstan,2400000,facebook_population,
Kenya,5900000,facebook_population,
Kiribati,10000,facebook_population,
Kosovo,800000,facebook_population,
Kuwait,2700000,facebook_population,
Kyrgyzstan,470000,facebook_population,
Laos,1300000,facebook_population,
Latvia,710000,facebook_population,
Lebanon,3100000,facebook_population,
Lesotho,270000,facebook_population,
Liberia,360000,facebook_population,
Libya,2800000,facebook_population,
Liechtenstein,14000,facebook_population,
Lithuania,1300000,facebook_population,
Luxembourg,290000,facebook_population,
Macau,380000,facebook_population,
Macedonia,1000000,facebook_population,
Madagascar,1200000,facebook_population,
Malawi,690000,facebook_population,
Malaysia,20000000,facebook_population,
Maldives,280000,facebook_population,
Mali,1100000,facebook_population,
Malta,300000,facebook_population,
Marshall Islands,18000,facebook_population,
Mauritania,380000,facebook_population,
Mauritius,610000,facebook_population,
Mexico,65000000,facebook_population,
Micronesia,18000,facebook_population,
Moldova,660000,facebook_population,
Monaco,20000,facebook_population,
Mongolia,1300000,facebook_population,
Montenegro,320000,facebook_population,
Morocco,11000000,facebook_population,
Mozambique,1300000,facebook_population,
Myanmar,12000000,facebook_population,
Namibia,510000,facebook_population,
Nauru,2900,facebook_population,
Nepal,6100000,facebook_population,
Netherlands Antilles,20,facebook_population,
Netherlands,9800000,facebook_population,
New Zealand,2900000,facebook_population,
Nicaragua,1800000,facebook_population,
Niger,340000,facebook_population,
Nigeria,15000000,facebook_population,
Norway,3200000,facebook_population,
Oman,1800000,facebook_population,
Pakistan,26000000,facebook_population,
Palau,6100,facebook_population,
Palestine,1300000,facebook_population,
Panama,1800000,facebook_population,
Papua New Guinea,540000,facebook_population,
Paraguay,2700000,facebook_population,
Peru,17000000,facebook_population,
Philippines,50000000,facebook_population,
Poland,13000000,facebook_population,
Portugal,5700000,facebook_population,
Qatar,2300000,facebook_population,
Congo,440000,facebook_population,
Romania,8200000,facebook_population,
Russia,16000000,facebook_population,
Rwanda,500000,facebook_population,
Saint Kitts and Nevis,34000,facebook_population,
Saint Lucia,86000,facebook_population,
Saint Vincent and the Grenadines,56000,facebook_population,
Samoa,66000,facebook_population,
San Marino,7600,facebook_population,
Sao Tome and Principe,35000,facebook_population,
Saudi Arabia,17000000,facebook_population,
Senegal,2200000,facebook_population,
Serbia,3200000,facebook_population,
Seychelles,47000,facebook_population,
Sierra Leone,320000,facebook_population,
Singapore,4200000,facebook_population,
Sint Maarten,30000,facebook_population,
Slovakia,2300000,facebook_population,
Slovenia,870000,facebook_population,
Solomon Islands,43000,facebook_population,
Somalia,690000,facebook_population,
South Africa,14000000,facebook_population,
South Korea,17000000,facebook_population,
Spain,24000000,facebook_population,
Sri Lanka,4200000,facebook_population,
Suriname,260000,facebook_population,
Swaziland,160000,facebook_population,
Sweden,6100000,facebook_population,
Switzerland,3700000,facebook_population,
Taiwan,18000000,facebook_population,
Tajikistan,91000,facebook_population,
Tanzania,4000000,facebook_population,
Thailand,40000000,facebook_population,
The Bahamas,200000,facebook_population,
The Gambia,220000,facebook_population,
Timor-Leste,300000,facebook_population,
Togo,410000,facebook_population,
Tonga,40000,facebook_population,
Trinidad and Tobago,710000,facebook_population,
Tunisia,5500000,facebook_population,
Turkey,44000000,facebook_population,
Turkmenistan,23000,facebook_population,
Tuvalu,2300,facebook_population,
Uganda,2200000,facebook_population,
Ukraine,6300000,facebook_population,
United Arab Emirates,8300000,facebook_population,
United Kingdom,39000000,facebook_population,
United States,204000000,facebook_population,
Uruguay,2300000,facebook_population,
Uzbekistan,660000,facebook_population,
Vanuatu,36000,facebook_population,
Vatican,20,facebook_population,
Venezuela,12000000,facebook_population,
Vietnam,37000000,facebook_population,
Yemen,2000000,facebook_population,
Zambia,1400000,facebook_population,
Zimbabwe,900000,facebook_population,
Afghanistan,2400000,no_expats,
Albania,1200000,no_expats,
Algeria,13000000,no_expats,
Andorra,13000,no_expats,
Angola,2700000,no_expats,
Argentina,26000000,no_expats,
Armenia,850000,no_expats,
Aruba,46000,no_expats,
Australia,11000000,no_expats,
Austria,2500000,no_expats,
Azerbaijan,1600000,no_expats,
Bahrain,350000,no_expats,
Bangladesh,20000000,no_expats,
Barbados,130000,no_expats,
Belarus,930000,no_expats,
Belgium,4900000,no_expats,
Belize,120000,no_expats,
Benin,760000,no_expats,
Bhutan,210000,no_expats,
Bolivia,3900000,no_expats,
Bosnia and Herzegovina,1300000,no_expats,
Botswana,570000,no_expats,
Brazil,107000000,no_expats,
Brunei,210000,no_expats,
Bulgaria,3000000,no_expats,
Burkina Faso,550000,no_expats,
Burundi,360000,no_expats,
Cambodia,3900000,no_expats,
Cameroon,2000000,no_expats,
Canada,17000000,no_expats,
Cape Verde,160000,no_expats,
Central African Republic,49000,no_expats,
Chad,130000,no_expats,
Chile,11000000,no_expats,
China,1100000,no_expats,
Colombia,23000000,no_expats,
Comoros,56000,no_expats,
Costa Rica,2600000,no_expats,
Croatia,1600000,no_expats,
Curacao,69000,no_expats,
Cyprus,450000,no_expats,
Czech Republic,4100000,no_expats,
Congo,2000000,no_expats,
Denmark,3000000,no_expats,
Djibouti,93000,no_expats,
Dominica,28000,no_expats,
Dominican Republic,3900000,no_expats,
Ecuador,8000000,no_expats,
Egypt,28000000,no_expats,
El Salvador,2600000,no_expats,
Equatorial Guinea,33000,no_expats,
Eritrea,55000,no_expats,
Estonia,570000,no_expats,
Ethiopia,4100000,no_expats,
Fiji,330000,no_expats,
Finland,2300000,no_expats,
France,26000000,no_expats,
Gabon,350000,no_expats,
Georgia,1800000,no_expats,
Germany,24000000,no_expats,
Ghana,3400000,no_expats,
Greece,4200000,no_expats,
Grenada,43000,no_expats,
Guatemala,4500000,no_expats,
Guinea,880000,no_expats,
Guinea-Bissau,68000,no_expats,
Guyana,250000,no_expats,
Haiti,1200000,no_expats,
Honduras,2400000,no_expats,
Hong Kong,4200000,no_expats,
Hungary,4800000,no_expats,
Iceland,200000,no_expats,
India,150000000,no_expats,
Indonesia,78000000,no_expats,
Iraq,13000000,no_expats,
Ireland,2000000,no_expats,
Israel,4000000,no_expats,
Italy,25000000,no_expats,
Jamaica,980000,no_expats,
Japan,27000000,no_expats,
Jordan,3600000,no_expats,
Kazakhstan,2300000,no_expats,
Kenya,5400000,no_expats,
Kiribati,9500,no_expats,
Kosovo,560000,no_expats,
Kuwait,800000,no_expats,
Kyrgyzstan,440000,no_expats,
Laos,1200000,no_expats,
Latvia,670000,no_expats,
Lebanon,2300000,no_expats,
Lesotho,250000,no_expats,
Liberia,310000,no_expats,
Libya,2400000,no_expats,
Liechtenstein,6800,no_expats,
Lithuania,1300000,no_expats,
Luxembourg,130000,no_expats,
Macau,240000,no_expats,
Macedonia,900000,no_expats,
Madagascar,1100000,no_expats,
Malawi,630000,no_expats,
Malaysia,18000000,no_expats,
Maldives,180000,no_expats,
Mali,990000,no_expats,
Malta,220000,no_expats,
Marshall Islands,14000,no_expats,
Mauritania,320000,no_expats,
Mauritius,530000,no_expats,
Mexico,61000000,no_expats,
Micronesia,14000,no_expats,
Moldova,610000,no_expats,
Monaco,5400,no_expats,
Mongolia,1300000,no_expats,
Montenegro,240000,no_expats,
Morocco,10000000,no_expats,
Mozambique,1200000,no_expats,
Myanmar,11000000,no_expats,
Namibia,460000,no_expats,
Nauru,660,no_expats,
Nepal,5700000,no_expats,
Netherlands Antilles,20,no_expats,
Netherlands,8300000,no_expats,
New Zealand,2100000,no_expats,
Nicaragua,1700000,no_expats,
Niger,300000,no_expats,
Nigeria,14000000,no_expats,
Norway,2700000,no_expats,
Oman,680000,no_expats,
Pakistan,25000000,no_expats,
Palau,3500,no_expats,
Palestine,1100000,no_expats,
Panama,1500000,no_expats,
Papua New Guinea,490000,no_expats,
Paraguay,2600000,no_expats,
Peru,16000000,no_expats,
Philippines,48000000,no_expats,
Poland,12000000,no_expats,
Portugal,4900000,no_expats,
Qatar,380000,no_expats,
Congo,340000,no_expats,
Romania,7900000,no_expats,
Russia,15000000,no_expats,
Rwanda,420000,no_expats,
Saint Kitts and Nevis,21000,no_expats,
Saint Lucia,74000,no_expats,
Saint Vincent and the Grenadines,47000,no_expats,
Samoa,53000,no_expats,
San Marino,2500,no_expats,
Sao Tome and Principe,31000,no_expats,
Saudi Arabia,13000000,no_expats,
Senegal,1900000,no_expats,
Serbia,2700000,no_expats,
Seychelles,31000,no_expats,
Sierra Leone,290000,no_expats,
Singapore,2300000,no_expats,
Sint Maarten,9200,no_expats,
Slovakia,2100000,no_expats,
Slovenia,750000,no_expats,
Solomon Islands,34000,no_expats,
Somalia,610000,no_expats,
South Africa,12000000,no_expats,
South Korea,16000000,no_expats,
Spain,20000000,no_expats,
Sri Lanka,4100000,no_expats,
Suriname,230000,no_expats,
Swaziland,140000,no_expats,
Sweden,4900000,no_expats,
Switzerland,2100000,no_expats,
Taiwan,16000000,no_expats,
Tajikistan,82000,no_expats,
Tanzania,3700000,no_expats,
Thailand,38000000,no_expats,
The Bahamas,160000,no_expats,
The Gambia,180000,no_expats,
Timor-Leste,190000,no_expats,
Togo,330000,no_expats,
Tonga,34000,no_expats,
Trinidad and Tobago,620000,no_expats,
Tunisia,5100000,no_expats,
Turkey,41000000,no_expats,
Turkmenistan,14000,no_expats,
Tuvalu,1500,no_expats,
Uganda,1800000,no_expats,
Ukraine,5900000,no_expats,
United Arab Emirates,1400000,no_expats,
United Kingdom,32000000,no_expats,
United States,171000000,no_expats,
Uruguay,2100000,no_expats,
Uzbekistan,620000,no_expats,
Vanuatu,31000,no_expats,
Vatican,20,no_expats,
Venezuela,12000000,no_expats,
Vietnam,36000000,no_expats,
Yemen,1800000,no_expats,
Zambia,1200000,no_expats,
Zimbabwe,840000,no_expats,
Afghanistan,AFG,letters_3_code,
Aland Islands,ALA,letters_3_code,
Albania,ALB,letters_3_code,
Algeria,DZA,letters_3_code,
American Samoa,ASM,letters_3_code,
Andorra,AND,letters_3_code,
Angola,AGO,letters_3_code,
Anguilla,AIA,letters_3_code,
Antarctica,ATA,letters_3_code,
Antigua and Barbuda,ATG,letters_3_code,
Argentina,ARG,letters_3_code,
Armenia,ARM,letters_3_code,
Aruba,ABW,letters_3_code,
Australia,AUS,letters_3_code,
Austria,AUT,letters_3_code,
Azerbaijan,AZE,letters_3_code,
Bahamas,BHS,letters_3_code,
Bahrain,BHR,letters_3_code,
Bangladesh,BGD,letters_3_code,
Barbados,BRB,letters_3_code,
Belarus,BLR,letters_3_code,
Belgium,BEL,letters_3_code,
Belize,BLZ,letters_3_code,
Benin,BEN,letters_3_code,
Bermuda,BMU,letters_3_code,
Bhutan,BTN,letters_3_code,
Bolivia,BOL,letters_3_code,
Bosnia and Herzegovina,BIH,letters_3_code,
Botswana,BWA,letters_3_code,
Bouvet Island,BVT,letters_3_code,
Brazil,BRA,letters_3_code,
British Virgin Islands,VGB,letters_3_code,
British Indian Ocean Territory,IOT,letters_3_code,
Brunei Darussalam,BRN,letters_3_code,
Bulgaria,BGR,letters_3_code,
Burkina Faso,BFA,letters_3_code,
Burundi,BDI,letters_3_code,
Cambodia,KHM,letters_3_code,
Cameroon,CMR,letters_3_code,
Canada,CAN,letters_3_code,
Cape Verde,CPV,letters_3_code,
Cayman Islands,CYM,letters_3_code,
Central African Republic,CAF,letters_3_code,
Chad,TCD,letters_3_code,
Chile,CHL,letters_3_code,
China,CHN,letters_3_code,
"Hong Kong, Special Administrative Region of China",HKG,letters_3_code,
"Macao, Special Administrative Region of China",MAC,letters_3_code,
Christmas Island,CXR,letters_3_code,
Cocos (Keeling) Islands,CCK,letters_3_code,
Colombia,COL,letters_3_code,
Comoros,COM,letters_3_code,
Congo (Brazzaville,COG,letters_3_code,
"Congo, Democratic Republic of the",COD,letters_3_code,
Cook Islands,COK,letters_3_code,
Costa Rica,CRI,letters_3_code,
Côte d'Ivoire,CIV,letters_3_code,
Croatia,HRV,letters_3_code,
Cuba,CUB,letters_3_code,
Cyprus,CYP,letters_3_code,
Czech Republic,CZE,letters_3_code,
Denmark,DNK,letters_3_code,
Djibouti,DJI,letters_3_code,
Dominica,DMA,letters_3_code,
Dominican Republic,DOM,letters_3_code,
Ecuador,ECU,letters_3_code,
Egypt,EGY,letters_3_code,
El Salvador,SLV,letters_3_code,
Equatorial Guinea,GNQ,letters_3_code,
Eritrea,ERI,letters_3_code,
Estonia,EST,letters_3_code,
Ethiopia,ETH,letters_3_code,
Falkland Islands (Malvinas,FLK,letters_3_code,
Faroe Islands,FRO,letters_3_code,
Fiji,FJI,letters_3_code,
Finland,FIN,letters_3_code,
France,FRA,letters_3_code,
French Guiana,GUF,letters_3_code,
French Polynesia,PYF,letters_3_code,
French Southern Territories,ATF,letters_3_code,
Gabon,GAB,letters_3_code,
Gambia,GMB,letters_3_code,
Georgia,GEO,letters_3_code,
Germany,DEU,letters_3_code,
Ghana,GHA,letters_3_code,
Gibraltar,GIB,letters_3_code,
Greece,GRC,letters_3_code,
Greenland,GRL,letters_3_code,
Grenada,GRD,letters_3_code,
Guadeloupe,GLP,letters_3_code,
Guam,GUM,letters_3_code,
Guatemala,GTM,letters_3_code,
Guernsey,GGY,letters_3_code,
Guinea,GIN,letters_3_code,
Guinea-Bissau,GNB,letters_3_code,
Guyana,GUY,letters_3_code,
Haiti,HTI,letters_3_code,
Heard Island and Mcdonald Islands,HMD,letters_3_code,
Holy See (Vatican City State,VAT,letters_3_code,
Honduras,HND,letters_3_code,
Hungary,HUN,letters_3_code,
Iceland,ISL,letters_3_code,
India,IND,letters_3_code,
Indonesia,IDN,letters_3_code,
"Iran, Islamic Republic of",IRN,letters_3_code,
Iraq,IRQ,letters_3_code,
Ireland,IRL,letters_3_code,
Isle of Man,IMN,letters_3_code,
Israel,ISR,letters_3_code,
Italy,ITA,letters_3_code,
Jamaica,JAM,letters_3_code,
Japan,JPN,letters_3_code,
Jersey,JEY,letters_3_code,
Jordan,JOR,letters_3_code,
Kazakhstan,KAZ,letters_3_code,
Kenya,KEN,letters_3_code,
Kiribati,KIR,letters_3_code,
"Korea, Democratic People's Republic of",PRK,letters_3_code,
"Korea, Republic of",KOR,letters_3_code,
Kuwait,KWT,letters_3_code,
Kyrgyzstan,KGZ,letters_3_code,
Lao PDR,LAO,letters_3_code,
Latvia,LVA,letters_3_code,
Lebanon,LBN,letters_3_code,
Lesotho,LSO,letters_3_code,
Liberia,LBR,letters_3_code,
Libya,LBY,letters_3_code,
Liechtenstein,LIE,letters_3_code,
Lithuania,LTU,letters_3_code,
Luxembourg,LUX,letters_3_code,
"Macedonia, Republic of",MKD,letters_3_code,
Madagascar,MDG,letters_3_code,
Malawi,MWI,letters_3_code,
Malaysia,MYS,letters_3_code,
Maldives,MDV,letters_3_code,
Mali,MLI,letters_3_code,
Malta,MLT,letters_3_code,
Marshall Islands,MHL,letters_3_code,
Martinique,MTQ,letters_3_code,
Mauritania,MRT,letters_3_code,
Mauritius,MUS,letters_3_code,
Mayotte,MYT,letters_3_code,
Mexico,MEX,letters_3_code,
"Micronesia, Federated States of",FSM,letters_3_code,
Moldova,MDA,letters_3_code,
Monaco,MCO,letters_3_code,
Mongolia,MNG,letters_3_code,
Montenegro,MNE,letters_3_code,
Montserrat,MSR,letters_3_code,
Morocco,MAR,letters_3_code,
Mozambique,MOZ,letters_3_code,
Myanmar,MMR,letters_3_code,
Namibia,NAM,letters_3_code,
Nauru,NRU,letters_3_code,
Nepal,NPL,letters_3_code,
Netherlands,NLD,letters_3_code,
Netherlands Antilles,ANT,letters_3_code,
New Caledonia,NCL,letters_3_code,
New Zealand,NZL,letters_3_code,
Nicaragua,NIC,letters_3_code,
Niger,NER,letters_3_code,
Nigeria,NGA,letters_3_code,
Niue,NIU,letters_3_code,
Norfolk Island,NFK,letters_3_code,
Northern Mariana Islands,MNP,letters_3_code,
Norway,NOR,letters_3_code,
Oman,OMN,letters_3_code,
Pakistan,PAK,letters_3_code,
Palau,PLW,letters_3_code,
"Palestinian Territory, Occupied",PSE,letters_3_code,
Panama,PAN,letters_3_code,
Papua New Guinea,PNG,letters_3_code,
Paraguay,PRY,letters_3_code,
Peru,PER,letters_3_code,
Philippines,PHL,letters_3_code,
Pitcairn,PCN,letters_3_code,
Poland,POL,letters_3_code,
Portugal,PRT,letters_3_code,
Puerto Rico,PRI,letters_3_code,
Qatar,QAT,letters_3_code,
Réunion,REU,letters_3_code,
Romania,ROU,letters_3_code,
Russian Federation,RUS,letters_3_code,
Rwanda,RWA,letters_3_code,
Saint-Barthélemy,BLM,letters_3_code,
Saint Helena,SHN,letters_3_code,
Saint Kitts and Nevis,KNA,letters_3_code,
Saint Lucia,LCA,letters_3_code,
Saint-Martin (French part,MAF,letters_3_code,
Saint Pierre and Miquelon,SPM,letters_3_code,
Saint Vincent and Grenadines,VCT,letters_3_code,
Samoa,WSM,letters_3_code,
San Marino,SMR,letters_3_code,
Sao Tome and Principe,STP,letters_3_code,
Saudi Arabia,SAU,letters_3_code,
Senegal,SEN,letters_3_code,
Serbia,SRB,letters_3_code,
Seychelles,SYC,letters_3_code,
Sierra Leone,SLE,letters_3_code,
Singapore,SGP,letters_3_code,
Slovakia,SVK,letters_3_code,
Slovenia,SVN,letters_3_code,
Solomon Islands,SLB,letters_3_code,
Somalia,SOM,letters_3_code,
South Africa,ZAF,letters_3_code,
South Georgia and the South Sandwich Islands,SGS,letters_3_code,
South Sudan,SSD,letters_3_code,
Spain,ESP,letters_3_code,
Sri Lanka,LKA,letters_3_code,
Sudan,SDN,letters_3_code,
Suriname *,SUR,letters_3_code,
Svalbard and Jan Mayen Islands,SJM,letters_3_code,
Swaziland,SWZ,letters_3_code,
Sweden,SWE,letters_3_code,
Switzerland,CHE,letters_3_code,
Syrian Arab Republic (Syria,SYR,letters_3_code,
"Taiwan, Republic of China",TWN,letters_3_code,
Tajikistan,TJK,letters_3_code,
"Tanzania *, United Republic of",TZA,letters_3_code,
Thailand,THA,letters_3_code,
Timor-Leste,TLS,letters_3_code,
Togo,TGO,letters_3_code,
Tokelau,TKL,letters_3_code,
Tonga,TON,letters_3_code,
Trinidad and Tobago,TTO,letters_3_code,
Tunisia,TUN,letters_3_code,
Turkey,TUR,letters_3_code,
Turkmenistan,TKM,letters_3_code,
Turks and Caicos Islands,TCA,letters_3_code,
Tuvalu,TUV,letters_3_code,
Uganda,UGA,letters_3_code,
Ukraine,UKR,letters_3_code,
United Arab Emirates,ARE,letters_3_code,
United Kingdom,GBR,letters_3_code,
United States of America,USA,letters_3_code,
United States Minor Outlying Islands,UMI,letters_3_code,
Uruguay,URY,letters_3_code,
Uzbekistan,UZB,letters_3_code,
Vanuatu,VUT,letters_3_code,
Venezuela (Bolivarian Republic of,VEN,letters_3_code,
Viet Nam,VNM,letters_3_code,
"Virgin Islands, US",VIR,letters_3_code,
Wallis and Futuna Islands,WLF,letters_3_code,
Western Sahara,ESH,letters_3_code,
Yemen,YEM,letters_3_code,
Zambia,ZMB,letters_3_code,
Zimbabwe,ZWE,letters_3_code,
Afghanistan,Afghanistan,ihme_name,
Albania,Albania,ihme_name,
Algeria,Algeria,ihme_name,
Andorra,Andorra,ihme_name,
Angola,Angola,ihme_name,
Argentina,Argentina,ihme_name,
Armenia,Armenia,ihme_name,
Australia,Australia,ihme_name,
Austria,Austria,ihme_name,
Azerbaijan,Azerbaijan,ihme_name,
Bahrain,Bahrain,ihme_name,
Bangladesh,Bangladesh,ihme_name,
Barbados,Barbados,ihme_name,
Belarus,Belarus,ihme_name,
Belgium,Belgium,ihme_name,
Belize,Belize,ihme_name,
Benin,Benin,ihme_name,
Bhutan,Bermuda,ihme_name,
Bolivia,Bolivia,ihme_name,
Bosnia and Herzegovina,Bosnia and Herzegovina,ihme_name,
Botswana,Botswana,ihme_name,
Brazil,Brazil,ihme_name,
Brunei,Brunei,ihme_name,
Bulgaria,Bulgaria,ihme_name,
Burkina Faso,Burkina Faso,ihme_name,
Burundi,Burundi,ihme_name,
Cambodia,Cambodia,ihme_name,
Cameroon,Cameroon,ihme_name,
Canada,Canada,ihme_name,
Cape Verde,Cape Verde,ihme_name,
Central African Republic,Central African Republic,ihme_name,
Chad,Chad,ihme_name,
Chile,Chile,ihme_name,
China,China,ihme_name,
Colombia,Colombia,ihme_name,
Comoros,Comoros,ihme_name,
Costa Rica,Costa Rica,ihme_name,
Croatia,Croatia,ihme_name,
Cyprus,Cyprus,ihme_name,
Czech Republic,Czech Republic,ihme_name,
Democratic Republic of the Congo,Democratic Republic of the Congo,ihme_name,
Denmark,Denmark,ihme_name,
Djibouti,Djibouti,ihme_name,
Dominica,Dominica,ihme_name,
Dominican Republic,Dominican Republic,ihme_name,
Ecuador,Ecuador,ihme_name,
Egypt,Egypt,ihme_name,
El Salvador,El Salvador,ihme_name,
Equatorial Guinea,Equatorial Guinea,ihme_name,
Eritrea,Eritrea,ihme_name,
Estonia,Estonia,ihme_name,
Ethiopia,Ethiopia,ihme_name,
Fiji,Fiji,ihme_name,
Finland,Finland,ihme_name,
France,France,ihme_name,
Gabon,Gabon,ihme_name,
Georgia,Georgia,ihme_name,
Germany,Germany,ihme_name,
Ghana,Ghana,ihme_name,
Greece,Greece,ihme_name,
Grenada,Grenada,ihme_name,
Guatemala,Guatemala,ihme_name,
Guinea,Guinea,ihme_name,
Guinea-Bissau,Guinea-Bissau,ihme_name,
Guyana,Guyana,ihme_name,
Haiti,Haiti,ihme_name,
Honduras,Honduras,ihme_name,
Hungary,Hungary,ihme_name,
Iceland,Iceland,ihme_name,
India,India,ihme_name,
Indonesia,Indonesia,ihme_name,
Iraq,Iraq,ihme_name,
Ireland,Ireland,ihme_name,
Israel,Israel,ihme_name,
Italy,Italy,ihme_name,
Jamaica,Jamaica,ihme_name,
Japan,Japan,ihme_name,
Jordan,Jordan,ihme_name,
Kazakhstan,Kazakhstan,ihme_name,
Kenya,Kenya,ihme_name,
Kiribati,Kiribati,ihme_name,
Kuwait,Kuwait,ihme_name,
Kyrgyzstan,Kyrgyzstan,ihme_name,
Laos,Laos,ihme_name,
Latvia,Latvia,ihme_name,
Lebanon,Lebanon,ihme_name,
Lesotho,Lesotho,ihme_name,
Liberia,Liberia,ihme_name,
Libya,Libya,ihme_name,
Lithuania,Lithuania,ihme_name,
Luxembourg,Luxembourg,ihme_name,
Macedonia,Macedonia,ihme_name,
Madagascar,Madagascar,ihme_name,
Malawi,Malawi,ihme_name,
Malaysia,Malaysia,ihme_name,
Maldives,Maldives,ihme_name,
Mali,Mali,ihme_name,
Malta,Malta,ihme_name,
Marshall Islands,Marshall Islands,ihme_name,
Mauritania,Mauritania,ihme_name,
Mauritius,Mauritius,ihme_name,
Mexico,Mexico,ihme_name,
Micronesia,Federated States of Micronesia,ihme_name,
Moldova,Moldova,ihme_name,
Mongolia,Mongolia,ihme_name,
Montenegro,Montenegro,ihme_name,
Morocco,Morocco,ihme_name,
Mozambique,Mozambique,ihme_name,
Myanmar,Myanmar,ihme_name,
Namibia,Namibia,ihme_name,
Nepal,Nepal,ihme_name,
Netherlands,Netherlands,ihme_name,
New Zealand,New Zealand,ihme_name,
Nicaragua,Nicaragua,ihme_name,
Niger,Niger,ihme_name,
Nigeria,Nigeria,ihme_name,
North Korea,North Korea,ihme_name,
Norway,Norway,ihme_name,
Oman,Oman,ihme_name,
Pakistan,Pakistan,ihme_name,
Panama,Panama,ihme_name,
Papua New Guinea,Papua New Guinea,ihme_name,
Paraguay,Paraguay,ihme_name,
Peru,Peru,ihme_name,
Philippines,Philippines,ihme_name,
Poland,Poland,ihme_name,
Portugal,Portugal,ihme_name,
Qatar,Qatar,ihme_name,
Republic of the Congo,Congo,ihme_name,
Romania,Romania,ihme_name,
Russia,Russia,ihme_name,
Rwanda,Rwanda,ihme_name,
Saint Lucia,Saint Lucia,ihme_name,
Saint Vincent and the Grenadines,Saint Vincent and the Grenadines,ihme_name,
Samoa,Samoa,ihme_name,
Sao Tome and Principe,Sao Tome and Principe,ihme_name,
Saudi Arabia,Saudi Arabia,ihme_name,
Senegal,Senegal,ihme_name,
Serbia,Serbia,ihme_name,
Seychelles,Seychelles,ihme_name,
Sierra Leone,Sierra Leone,ihme_name,
Singapore,Singapore,ihme_name,
Slovakia,Slovakia,ihme_name,
Slovenia,Slovenia,ihme_name,
Solomon Islands,Solomon Islands,ihme_name,
Somalia,Somalia,ihme_name,
South Africa,South Africa,ihme_name,
South Korea,South Korea,ihme_name,
Spain,Spain,ihme_name,
Sri Lanka,Sri Lanka,ihme_name,
Suriname,Suriname,ihme_name,
Swaziland,Swaziland,ihme_name,
Sweden,Sweden,ihme_name,
Switzerland,Switzerland,ihme_name,
Taiwan,Taiwan,ihme_name,
Tajikistan,Tajikistan,ihme_name,
Tanzania,Tanzania,ihme_name,
Thailand,Thailand,ihme_name,
The Bahamas,The Bahamas,ihme_name,
The Gambia,The Gambia,ihme_name,
Timor-Leste,Timor-Leste,ihme_name,
Togo,Togo,ihme_name,
Tonga,Tonga,ihme_name,
Trinidad and Tobago,Trinidad and Tobago,ihme_name,
Tunisia,Tunisia,ihme_name,
Turkey,Turkey,ihme_name,
Turkmenistan,Turkmenistan,ihme_name,
Uganda,Uganda,ihme_name,
Ukraine,Ukraine,ihme_name,
United Arab Emirates,United Arab Emirates,ihme_name,
United Kingdom,United Kingdom,ihme_name,
United States,United States,ihme_name,
Uruguay,Uruguay,ihme_name,
Uzbekistan,Uzbekistan,ihme_name,
Vanuatu,Vanuatu,ihme_name,
Venezuela,Venezuela,ihme_name,
Vietnam,Vietnam,ihme_name,
Yemen,Yemen,ihme_name,
Zambia,Zambia,ihme_name,
Zimbabwe,Zimbabwe,ihme_name,
Afghanistan,AF,country_code,
Albania,AL,country_code,
Algeria,DZ,country_code,
Andorra,AD,country_code,
Angola,AO,country_code,
Argentina,AR,country_code,
Armenia,AM,country_code,
Aruba,AW,country_code,
Australia,AU,country_code,
Austria,AT,country_code,
Azerbaijan,AZ,country_code,
Bahrain,BH,country_code,
Bangladesh,BD,country_code,
Barbados,BB,country_code,
Belarus,BY,country_code,
Belgium,BE,country_code,
Belize,BZ,country_code,
Benin,BJ,country_code,
Bhutan,BT,country_code,
Bolivia,BO,country_code,
Bosnia and Herzegovina,BA,country_code,
Botswana,BW,country_code,
Brazil,BR,country_code,
Brunei,BN,country_code,
Bulgaria,BG,country_code,
Burkina Faso,BF,country_code,
Burundi,BI,country_code,
Cambodia,KH,country_code,
Cameroon,CM,country_code,
Canada,CA,country_code,
Cape Verde,CV,country_code,
Central African Republic,CF,country_code,
Chad,TD,country_code,
Chile,CL,country_code,
China,CN,country_code,
Colombia,CO,country_code,
Comoros,KM,country_code,
Costa Rica,CR,country_code,
Croatia,HR,country_code,
Curacao,CW,country_code,
Cyprus,CY,country_code,
Czech Republic,CZ,country_code,
Democratic Republic of the Congo,CD,country_code,
Denmark,DK,country_code,
Djibouti,DJ,country_code,
Dominica,DM,country_code,
Dominican Republic,DO,country_code,
Ecuador,EC,country_code,
Egypt,EG,country_code,
El Salvador,SV,country_code,
Equatorial Guinea,GQ,country_code,
Eritrea,ER,country_code,
Estonia,EE,country_code,
Ethiopia,ET,country_code,
Fiji,FJ,country_code,
Finland,FI,country_code,
France,FR,country_code,
Gabon,GA,country_code,
Georgia,GE,country_code,
Germany,DE,country_code,
Ghana,GH,country_code,
Greece,GR,country_code,
Grenada,GD,country_code,
Guatemala,GT,country_code,
Guinea,GN,country_code,
Guinea-Bissau,GW,country_code,
Guyana,GY,country_code,
Haiti,HT,country_code,
Honduras,HN,country_code,
Hong Kong,HK,country_code,
Hungary,HU,country_code,
Iceland,IS,country_code,
India,IN,country_code,
Indonesia,ID,country_code,
Iraq,IQ,country_code,
Ireland,IE,country_code,
Israel,IL,country_code,
Italy,IT,country_code,
Jamaica,JM,country_code,
Japan,JP,country_code,
Jordan,JO,country_code,
Kazakhstan,KZ,country_code,
Kenya,KE,country_code,
Kiribati,KI,country_code,
Kosovo,XK,country_code,
Kuwait,KW,country_code,
Kyrgyzstan,KG,country_code,
Laos,LA,country_code,
Latvia,LV,country_code,
Lebanon,LB,country_code,
Lesotho,LS,country_code,
Liberia,LR,country_code,
Libya,LY,country_code,
Liechtenstein,LI,country_code,
Lithuania,LT,country_code,
Luxembourg,LU,country_code,
Macau,MO,country_code,
Macedonia,MK,country_code,
Madagascar,MG,country_code,
Malawi,MW,country_code,
Malaysia,MY,country_code,
Maldives,MV,country_code,
Mali,ML,country_code,
Malta,MT,country_code,
Marshall Islands,MH,country_code,
Mauritania,MR,country_code,
Mauritius,MU,country_code,
Mexico,MX,country_code,
Micronesia,FM,country_code,
Moldova,MD,country_code,
Monaco,MC,country_code,
Mongolia,MN,country_code,
Montenegro,ME,country_code,
Morocco,MA,country_code,
Mozambique,MZ,country_code,
Myanmar,MM,country_code,
Namibia,NA,country_code,
Nauru,NR,country_code,
Nepal,NP,country_code,
Netherlands Antilles,AN,country_code,
Netherlands,NL,country_code,
New Zealand,NZ,country_code,
Nicaragua,NI,country_code,
Niger,NE,country_code,
Nigeria,NG,country_code,
North Korea,KP,country_code,
Norway,NO,country_code,
Oman,OM,country_code,
Pakistan,PK,country_code,
Palau,PW,country_code,
Panama,PA,country_code,
Papua New Guinea,PG,country_code,
Paraguay,PY,country_code,
Peru,PE,country_code,
Philippines,PH,country_code,
Poland,PL,country_code,
Portugal,PT,country_code,
Qatar,QA,country_code,
Republic of the Congo,CG,country_code,
Romania,RO,country_code,
Russia,RU,country_code,
Rwanda,RW,country_code,
Saint Kitts and Nevis,KN,country_code,
Saint Lucia,LC,country_code,
Saint Vincent and the Grenadines,VC,country_code,
Samoa,WS,country_code,
San Marino,SM,country_code,
Sao Tome and Principe,ST,country_code,
Saudi Arabia,SA,country_code,
Senegal,SN,country_code,
Serbia,RS,country_code,
Seychelles,SC,country_code,
Sierra Leone,SL,country_code,
Singapore,SG,country_code,
Sint Maarten,SX,country_code,
Slovakia,SK,country_code,
Slovenia,SI,country_code,
Solomon Islands,SB,country_code,
Somalia,SO,country_code,
South Africa,ZA,country_code,
South Korea,KR,country_code,
Spain,ES,country_code,
Sri Lanka,LK,country_code,
Suriname,SR,country_code,
Swaziland,SZ,country_code,
Sweden,SE,country_code,
Switzerland,CH,country_code,
Taiwan,TW,country_code,
Tajikistan,TJ,country_code,
Tanzania,TZ,country_code,
Thailand,TH,country_code,
The Bahamas,BS,country_code,
The Gambia,GM,country_code,
Timor-Leste,TL,country_code,
Togo,TG,country_code,
Tonga,TO,country_code,
Trinidad and Tobago,TT,country_code,
Tunisia,TN,country_code,
Turkey,TR,country_code,
Turkmenistan,TM,country_code,
Tuvalu,TV,country_code,
Uganda,UG,country_code,
Ukraine,UA,country_code,
United Arab Emirates,AE,country_code,
United Kingdom,GB,country_code,
United States,US,country_code,
Uruguay,UY,country_code,
Uzbekistan,UZ,country_code,
Vanuatu,VU,country_code,
Vatican,VA,country_code,
Venezuela,VE,country_code,
Vietnam,VN,country_code,
Yemen,YE,country_code,
Zambia,ZM,country_code,
Zimbabwe,ZW,country_code,
